Timestamp,UTC,Callsign,Position,Altitude,Speed,Direction
1734334757,2024-12-16T07:39:17Z,CAL007,"33.945225,-118.4114",0,2,95
1734334775,2024-12-16T07:39:35Z,CAL007,"33.945251,-118.411606",0,2,90
1734334790,2024-12-16T07:39:50Z,CAL007,"33.945271,-118.411819",0,2,84
1734334805,2024-12-16T07:40:05Z,CAL007,"33.945229,-118.412033",0,3,95
1734334821,2024-12-16T07:40:21Z,CAL007,"33.945194,-118.412247",0,2,118
1734334840,2024-12-16T07:40:40Z,CAL007,"33.945171,-118.41246",0,2,154
1734334901,2024-12-16T07:41:41Z,CAL007,"33.944962,-118.41256",0,1,174
1734335152,2024-12-16T07:45:52Z,CAL007,"33.944744,-118.412537",0,3,174
1734335166,2024-12-16T07:46:06Z,CAL007,"33.94453,-118.412506",0,4,174
1734335178,2024-12-16T07:46:18Z,CAL007,"33.944298,-118.412468",0,5,171
1734335189,2024-12-16T07:46:29Z,CAL007,"33.944042,-118.41243",0,5,174
1734335198,2024-12-16T07:46:38Z,CAL007,"33.94384,-118.412407",0,6,171
1734335205,2024-12-16T07:46:45Z,CAL007,"33.9436,-118.412376",0,6,171
1734335212,2024-12-16T07:46:52Z,CAL007,"33.943382,-118.412338",0,7,171
1734335220,2024-12-16T07:47:00Z,CAL007,"33.943146,-118.412308",0,7,171
1734335226,2024-12-16T07:47:06Z,CAL007,"33.942902,-118.412254",0,8,171
1734335233,2024-12-16T07:47:13Z,CAL007,"33.942657,-118.412216",0,8,171
1734335240,2024-12-16T07:47:20Z,CAL007,"33.942364,-118.412186",0,9,174
1734335247,2024-12-16T07:47:27Z,CAL007,"33.942085,-118.412148",0,9,171
1734335254,2024-12-16T07:47:34Z,CAL007,"33.941757,-118.412086",0,10,171
1734335262,2024-12-16T07:47:42Z,CAL007,"33.941425,-118.412048",0,10,171
1734335268,2024-12-16T07:47:48Z,CAL007,"33.941086,-118.411987",0,11,171
1734335275,2024-12-16T07:47:55Z,CAL007,"33.940735,-118.411949",0,11,174
1734335282,2024-12-16T07:48:02Z,CAL007,"33.940445,-118.411903",0,9,171
1734335290,2024-12-16T07:48:10Z,CAL007,"33.940098,-118.41185",0,8,171
1734335298,2024-12-16T07:48:18Z,CAL007,"33.939869,-118.411819",0,5,171
1734335317,2024-12-16T07:48:37Z,CAL007,"33.939667,-118.411789",0,1,171
1734335336,2024-12-16T07:48:56Z,CAL007,"33.939434,-118.411751",0,5,171
1734335344,2024-12-16T07:49:04Z,CAL007,"33.939213,-118.41172",0,7,171
1734335351,2024-12-16T07:49:11Z,CAL007,"33.938992,-118.411674",0,8,171
1734335358,2024-12-16T07:49:18Z,CAL007,"33.938686,-118.411629",0,9,171
1734335366,2024-12-16T07:49:26Z,CAL007,"33.938404,-118.411598",0,8,174
1734335373,2024-12-16T07:49:33Z,CAL007,"33.938164,-118.41156",0,7,174
1734335380,2024-12-16T07:49:40Z,CAL007,"33.937897,-118.411514",0,8,171
1734335390,2024-12-16T07:49:50Z,CAL007,"33.937695,-118.411285",0,6,137
1734335398,2024-12-16T07:49:58Z,CAL007,"33.937683,-118.411079",0,5,112
1734335406,2024-12-16T07:50:06Z,CAL007,"33.937687,-118.410873",0,4,98
1734335418,2024-12-16T07:50:18Z,CAL007,"33.93771,-118.41066",0,3,90
1734335430,2024-12-16T07:50:30Z,CAL007,"33.937721,-118.410446",0,4,87
1734335439,2024-12-16T07:50:39Z,CAL007,"33.937744,-118.410217",0,6,84
1734335445,2024-12-16T07:50:45Z,CAL007,"33.937763,-118.410004",0,6,84
1734335451,2024-12-16T07:50:51Z,CAL007,"33.937786,-118.40979",0,7,81
1734335457,2024-12-16T07:50:57Z,CAL007,"33.93782,-118.409492",0,8,81
1734335465,2024-12-16T07:51:05Z,CAL007,"33.937855,-118.409134",0,9,81
1734335472,2024-12-16T07:51:12Z,CAL007,"33.937897,-118.408745",0,10,81
1734335478,2024-12-16T07:51:18Z,CAL007,"33.937923,-118.408401",0,11,81
1734335486,2024-12-16T07:51:26Z,CAL007,"33.937969,-118.407944",0,11,81
1734335493,2024-12-16T07:51:33Z,CAL007,"33.938023,-118.407455",0,12,81
1734335500,2024-12-16T07:51:40Z,CAL007,"33.938072,-118.406998",0,13,81
1734335507,2024-12-16T07:51:47Z,CAL007,"33.938129,-118.406456",0,14,81
1734335515,2024-12-16T07:51:55Z,CAL007,"33.938175,-118.405899",0,13,84
1734335522,2024-12-16T07:52:02Z,CAL007,"33.938232,-118.40535",0,14,84
1734335530,2024-12-16T07:52:10Z,CAL007,"33.93829,-118.404732",0,14,81
1734335537,2024-12-16T07:52:17Z,CAL007,"33.938351,-118.404175",0,14,81
1734335545,2024-12-16T07:52:25Z,CAL007,"33.938408,-118.403633",0,13,84
1734335552,2024-12-16T07:52:32Z,CAL007,"33.938461,-118.403137",0,13,81
1734335559,2024-12-16T07:52:39Z,CAL007,"33.938515,-118.402634",0,14,84
1734335566,2024-12-16T07:52:46Z,CAL007,"33.938576,-118.402",0,15,84
1734335573,2024-12-16T07:52:53Z,CAL007,"33.938652,-118.40136",0,15,81
1734335581,2024-12-16T07:53:01Z,CAL007,"33.938713,-118.400749",0,15,84
1734335587,2024-12-16T07:53:07Z,CAL007,"33.93877,-118.400185",0,15,81
1734335594,2024-12-16T07:53:14Z,CAL007,"33.938828,-118.399658",0,15,84
1734335601,2024-12-16T07:53:21Z,CAL007,"33.938873,-118.399185",0,12,84
1734335608,2024-12-16T07:53:28Z,CAL007,"33.938919,-118.398697",0,12,81
1734335615,2024-12-16T07:53:35Z,CAL007,"33.938976,-118.398201",0,12,81
1734335624,2024-12-16T07:53:44Z,CAL007,"33.939014,-118.397842",0,12,81
1734335630,2024-12-16T07:53:50Z,CAL007,"33.939068,-118.397232",0,13,81
1734335637,2024-12-16T07:53:57Z,CAL007,"33.939125,-118.39666",0,14,84
1734335646,2024-12-16T07:54:06Z,CAL007,"33.939201,-118.395966",0,15,81
1734335654,2024-12-16T07:54:14Z,CAL007,"33.939262,-118.395355",0,15,81
1734335662,2024-12-16T07:54:22Z,CAL007,"33.939342,-118.3946",0,16,84
1734335670,2024-12-16T07:54:30Z,CAL007,"33.939423,-118.393822",0,18,81
1734335677,2024-12-16T07:54:37Z,CAL007,"33.939503,-118.393074",0,19,81
1734335684,2024-12-16T07:54:44Z,CAL007,"33.939571,-118.392303",0,18,84
1734335691,2024-12-16T07:54:51Z,CAL007,"33.93964,-118.391655",0,16,81
1734335699,2024-12-16T07:54:59Z,CAL007,"33.939701,-118.391045",0,16,84
1734335706,2024-12-16T07:55:06Z,CAL007,"33.939781,-118.390289",0,17,81
1734335713,2024-12-16T07:55:13Z,CAL007,"33.93985,-118.389603",0,15,84
1734335722,2024-12-16T07:55:22Z,CAL007,"33.939922,-118.388916",0,15,81
1734335728,2024-12-16T07:55:28Z,CAL007,"33.939972,-118.38842",0,14,81
1734335736,2024-12-16T07:55:36Z,CAL007,"33.940037,-118.387802",0,14,81
1734335743,2024-12-16T07:55:43Z,CAL007,"33.940098,-118.387299",0,12,84
1734335750,2024-12-16T07:55:50Z,CAL007,"33.940132,-118.386887",0,10,84
1734335758,2024-12-16T07:55:58Z,CAL007,"33.940178,-118.386429",0,11,84
1734335765,2024-12-16T07:56:05Z,CAL007,"33.940224,-118.385994",0,11,81
1734335772,2024-12-16T07:56:12Z,CAL007,"33.940258,-118.385567",0,11,81
1734335779,2024-12-16T07:56:19Z,CAL007,"33.940304,-118.385139",0,11,84
1734335786,2024-12-16T07:56:26Z,CAL007,"33.940338,-118.384789",0,8,84
1734335794,2024-12-16T07:56:34Z,CAL007,"33.940372,-118.384499",0,7,81
1734335801,2024-12-16T07:56:41Z,CAL007,"33.940399,-118.384239",0,6,81
1734335808,2024-12-16T07:56:48Z,CAL007,"33.940422,-118.38401",0,6,81
1734335815,2024-12-16T07:56:55Z,CAL007,"33.940445,-118.383804",0,5,81
1734335823,2024-12-16T07:57:03Z,CAL007,"33.940464,-118.38356",0,6,84
1734335830,2024-12-16T07:57:10Z,CAL007,"33.940498,-118.383308",0,7,84
1734335838,2024-12-16T07:57:18Z,CAL007,"33.940521,-118.383026",0,7,84
1734335844,2024-12-16T07:57:24Z,CAL007,"33.940552,-118.382782",0,7,84
1734335851,2024-12-16T07:57:31Z,CAL007,"33.940575,-118.382507",0,7,81
1734335859,2024-12-16T07:57:39Z,CAL007,"33.940609,-118.382217",0,6,81
1734335866,2024-12-16T07:57:46Z,CAL007,"33.940632,-118.381989",0,5,84
1734335878,2024-12-16T07:57:58Z,CAL007,"33.940659,-118.381775",0,3,81
1734335888,2024-12-16T07:58:08Z,CAL007,"33.940678,-118.381561",0,4,81
1734335897,2024-12-16T07:58:17Z,CAL007,"33.940704,-118.38134",0,4,81
1734335924,2024-12-16T07:58:44Z,CAL007,"33.940723,-118.381134",0,2,81
1734335987,2024-12-16T07:59:47Z,CAL007,"33.940746,-118.38092",0,4,81
1734335994,2024-12-16T07:59:54Z,CAL007,"33.940769,-118.380692",0,6,81
1734336001,2024-12-16T08:00:01Z,CAL007,"33.940796,-118.380417",0,7,84
1734336007,2024-12-16T08:00:07Z,CAL007,"33.940796,-118.380211",0,6,87
1734336016,2024-12-16T08:00:16Z,CAL007,"33.940567,-118.380066",0,6,135
1734336023,2024-12-16T08:00:23Z,CAL007,"33.940342,-118.38002",0,7,157
1734336030,2024-12-16T08:00:30Z,CAL007,"33.940098,-118.379982",0,8,168
1734336042,2024-12-16T08:00:42Z,CAL007,"33.93988,-118.380211",0,5,219
1734336051,2024-12-16T08:00:51Z,CAL007,"33.939835,-118.380417",0,4,241
1734336060,2024-12-16T08:01:00Z,CAL007,"33.939804,-118.380646",0,4,253
1734336070,2024-12-16T08:01:10Z,CAL007,"33.939781,-118.380859",0,4,258
1734336076,2024-12-16T08:01:16Z,CAL007,"33.939758,-118.381073",0,9,261
1734336079,2024-12-16T08:01:19Z,CAL007,"33.939732,-118.381287",0,14,261
1734336082,2024-12-16T08:01:22Z,CAL007,"33.939697,-118.381554",0,22,261
1734336084,2024-12-16T08:01:24Z,CAL007,"33.939651,-118.382027",0,37,264
1734336085,2024-12-16T08:01:25Z,CAL007,"33.939617,-118.382378",0,42,264
1734336087,2024-12-16T08:01:27Z,CAL007,"33.939594,-118.382622",0,47,264
1734336088,2024-12-16T08:01:28Z,CAL007,"33.939571,-118.382919",0,52,264
1734336094,2024-12-16T08:01:34Z,CAL007,"33.939285,-118.385674",0,84,264
1734336102,2024-12-16T08:01:42Z,CAL007,"33.938873,-118.389961",0,116,263
1734336109,2024-12-16T08:01:49Z,CAL007,"33.938259,-118.395477",0,150,263
1734336118,2024-12-16T08:01:58Z,CAL007,"33.937511,-118.403206",0,182,262
1734336124,2024-12-16T08:02:04Z,CAL007,"33.936813,-118.409958",0,199,262
1734336133,2024-12-16T08:02:13Z,CAL007,"33.93565,-118.420486",250,204,262
1734336142,2024-12-16T08:02:22Z,CAL007,"33.934441,-118.431076",650,207,262
1734336151,2024-12-16T08:02:31Z,CAL007,"33.933151,-118.440804",1125,207,259
1734336153,2024-12-16T08:02:33Z,CAL007,"33.932739,-118.442932",1225,207,255
1734336155,2024-12-16T08:02:35Z,CAL007,"33.932205,-118.445267",1325,206,253
1734336157,2024-12-16T08:02:37Z,CAL007,"33.931458,-118.447861",1400,207,249
1734336159,2024-12-16T08:02:39Z,CAL007,"33.930855,-118.44944",1450,208,245
1734336161,2024-12-16T08:02:41Z,CAL007,"33.929783,-118.452011",1525,208,241
1734336163,2024-12-16T08:02:43Z,CAL007,"33.929085,-118.453445",1550,210,237
1734336165,2024-12-16T08:02:45Z,CAL007,"33.927643,-118.455849",1600,212,233
1734336167,2024-12-16T08:02:47Z,CAL007,"33.926434,-118.45768",1650,213,230
1734336169,2024-12-16T08:02:49Z,CAL007,"33.925175,-118.459396",1675,215,228
1734336171,2024-12-16T08:02:51Z,CAL007,"33.923779,-118.461166",1725,217,226
1734336174,2024-12-16T08:02:54Z,CAL007,"33.922058,-118.463226",1775,219,225
1734336176,2024-12-16T08:02:56Z,CAL007,"33.920609,-118.464958",1800,222,223
1734336178,2024-12-16T08:02:58Z,CAL007,"33.918797,-118.466949",1850,223,222
1734336180,2024-12-16T08:03:00Z,CAL007,"33.917263,-118.468666",1900,225,222
1734336182,2024-12-16T08:03:02Z,CAL007,"33.915634,-118.470444",1950,227,222
1734336184,2024-12-16T08:03:04Z,CAL007,"33.913723,-118.472504",1975,229,222
1734336187,2024-12-16T08:03:07Z,CAL007,"33.912327,-118.474045",2025,232,222
1734336189,2024-12-16T08:03:09Z,CAL007,"33.910278,-118.476219",2050,235,222
1734336191,2024-12-16T08:03:11Z,CAL007,"33.908524,-118.478188",2075,238,222
1734336193,2024-12-16T08:03:13Z,CAL007,"33.906929,-118.479935",2100,240,222
1734336195,2024-12-16T08:03:15Z,CAL007,"33.905064,-118.481995",2150,242,222
1734336197,2024-12-16T08:03:17Z,CAL007,"33.903389,-118.483826",2175,244,222
1734336199,2024-12-16T08:03:19Z,CAL007,"33.901703,-118.485703",2225,246,222
1734336208,2024-12-16T08:03:28Z,CAL007,"33.894287,-118.494049",2475,252,223
1734336216,2024-12-16T08:03:36Z,CAL007,"33.887283,-118.501907",2700,258,223
1734336225,2024-12-16T08:03:45Z,CAL007,"33.879501,-118.510643",2850,267,222
1734336233,2024-12-16T08:03:53Z,CAL007,"33.871719,-118.519272",3100,273,222
1734336241,2024-12-16T08:04:01Z,CAL007,"33.863682,-118.528175",3300,281,222
1734336248,2024-12-16T08:04:08Z,CAL007,"33.857441,-118.535095",3475,287,222
1734336255,2024-12-16T08:04:15Z,CAL007,"33.850227,-118.542938",3750,290,222
1734336264,2024-12-16T08:04:24Z,CAL007,"33.841709,-118.552032",4025,295,221
1734336272,2024-12-16T08:04:32Z,CAL007,"33.832771,-118.56131",4225,302,220
1734336279,2024-12-16T08:04:39Z,CAL007,"33.825787,-118.568459",4450,305,220
1734336287,2024-12-16T08:04:47Z,CAL007,"33.817154,-118.578239",4800,304,226
1734336289,2024-12-16T08:04:49Z,CAL007,"33.815033,-118.581161",4900,304,229
1734336292,2024-12-16T08:04:52Z,CAL007,"33.813263,-118.583847",4975,303,232
1734336294,2024-12-16T08:04:54Z,CAL007,"33.811447,-118.586998",5100,303,235
1734336296,2024-12-16T08:04:56Z,CAL007,"33.809967,-118.589905",5175,302,239
1734336298,2024-12-16T08:04:58Z,CAL007,"33.808701,-118.592667",5275,301,243
1734336300,2024-12-16T08:05:00Z,CAL007,"33.807404,-118.596008",5375,301,244
1734336302,2024-12-16T08:05:02Z,CAL007,"33.806236,-118.599586",5475,301,249
1734336304,2024-12-16T08:05:04Z,CAL007,"33.805164,-118.603592",5575,300,252
1734336307,2024-12-16T08:05:07Z,CAL007,"33.80442,-118.606796",5675,300,254
1734336309,2024-12-16T08:05:09Z,CAL007,"33.803768,-118.610168",5750,300,256
1734336311,2024-12-16T08:05:11Z,CAL007,"33.803238,-118.613274",5850,299,258
1734336314,2024-12-16T08:05:14Z,CAL007,"33.80246,-118.618378",5975,300,260
1734336316,2024-12-16T08:05:16Z,CAL007,"33.802002,-118.621849",6075,299,260
1734336318,2024-12-16T08:05:18Z,CAL007,"33.801579,-118.625275",6150,300,261
1734336320,2024-12-16T08:05:20Z,CAL007,"33.801086,-118.62925",6275,299,261
1734336323,2024-12-16T08:05:23Z,CAL007,"33.800743,-118.63237",6350,299,262
1734336325,2024-12-16T08:05:25Z,CAL007,"33.800278,-118.636322",6475,299,262
1734336327,2024-12-16T08:05:27Z,CAL007,"33.799904,-118.639816",6550,300,262
1734336329,2024-12-16T08:05:29Z,CAL007,"33.799438,-118.643768",6650,300,262
1734336331,2024-12-16T08:05:31Z,CAL007,"33.799072,-118.647072",6725,300,262
1734336333,2024-12-16T08:05:33Z,CAL007,"33.79866,-118.650551",6825,300,262
1734336346,2024-12-16T08:05:46Z,CAL007,"33.796085,-118.672195",7350,303,261
1734336359,2024-12-16T08:05:59Z,CAL007,"33.793213,-118.693932",7825,306,260
1734336372,2024-12-16T08:06:12Z,CAL007,"33.790176,-118.715347",8300,309,259
1734336386,2024-12-16T08:06:26Z,CAL007,"33.787308,-118.738831",8675,316,265
1734336391,2024-12-16T08:06:31Z,CAL007,"33.787243,-118.747559",8825,315,272
1734336393,2024-12-16T08:06:33Z,CAL007,"33.787445,-118.751442",8925,314,274
1734336396,2024-12-16T08:06:36Z,CAL007,"33.788265,-118.757629",9050,314,280
1734336398,2024-12-16T08:06:38Z,CAL007,"33.78891,-118.760864",9125,313,283
1734336400,2024-12-16T08:06:40Z,CAL007,"33.789734,-118.764336",9200,312,286
1734336402,2024-12-16T08:06:42Z,CAL007,"33.790642,-118.767471",9275,312,289
1734336404,2024-12-16T08:06:44Z,CAL007,"33.791756,-118.770844",9350,312,292
1734336407,2024-12-16T08:06:47Z,CAL007,"33.792969,-118.774048",9425,312,294
1734336409,2024-12-16T08:06:49Z,CAL007,"33.794495,-118.777733",9525,312,297
1734336411,2024-12-16T08:06:51Z,CAL007,"33.795868,-118.780815",9600,312,298
1734336413,2024-12-16T08:06:53Z,CAL007,"33.797436,-118.784119",9700,312,299
1734336416,2024-12-16T08:06:56Z,CAL007,"33.79953,-118.7883",9800,312,300
1734336418,2024-12-16T08:06:58Z,CAL007,"33.801113,-118.791443",9875,312,301
1734336420,2024-12-16T08:07:00Z,CAL007,"33.80265,-118.794365",9950,313,301
1734336422,2024-12-16T08:07:02Z,CAL007,"33.80442,-118.797745",10050,313,302
1734336425,2024-12-16T08:07:05Z,CAL007,"33.80603,-118.800827",10125,313,302
1734336427,2024-12-16T08:07:07Z,CAL007,"33.808319,-118.805084",10225,314,302
1734336429,2024-12-16T08:07:09Z,CAL007,"33.809555,-118.807442",10300,314,302
1734336431,2024-12-16T08:07:11Z,CAL007,"33.811523,-118.811142",10375,314,302
1734336433,2024-12-16T08:07:13Z,CAL007,"33.813263,-118.814331",10450,315,302
1734336446,2024-12-16T08:07:26Z,CAL007,"33.823692,-118.833618",10675,325,302
1734336459,2024-12-16T08:07:39Z,CAL007,"33.834732,-118.85408",10875,337,302
1734336472,2024-12-16T08:07:52Z,CAL007,"33.846039,-118.874931",11050,349,302
1734336486,2024-12-16T08:08:06Z,CAL007,"33.858234,-118.897476",11200,361,303
1734336499,2024-12-16T08:08:19Z,CAL007,"33.871033,-118.919319",11450,370,308
1734336505,2024-12-16T08:08:25Z,CAL007,"33.877739,-118.928207",11600,372,313
1734336507,2024-12-16T08:08:27Z,CAL007,"33.879913,-118.93087",11650,374,315
1734336509,2024-12-16T08:08:29Z,CAL007,"33.882908,-118.934326",11725,374,316
1734336512,2024-12-16T08:08:32Z,CAL007,"33.886024,-118.937698",11800,375,318
1734336514,2024-12-16T08:08:34Z,CAL007,"33.888657,-118.940399",11875,375,319
1734336516,2024-12-16T08:08:36Z,CAL007,"33.891769,-118.943428",11950,376,320
1734336518,2024-12-16T08:08:38Z,CAL007,"33.895245,-118.946625",12025,377,322
1734336520,2024-12-16T08:08:40Z,CAL007,"33.898224,-118.949265",12075,378,323
1734336523,2024-12-16T08:08:43Z,CAL007,"33.901386,-118.951889",12150,378,325
1734336525,2024-12-16T08:08:45Z,CAL007,"33.904953,-118.954636",12225,379,326
1734336527,2024-12-16T08:08:47Z,CAL007,"33.907764,-118.956757",12300,380,328
1734336529,2024-12-16T08:08:49Z,CAL007,"33.911583,-118.959503",12375,381,329
1734336531,2024-12-16T08:08:51Z,CAL007,"33.914608,-118.961624",12450,381,329
1734336533,2024-12-16T08:08:53Z,CAL007,"33.917679,-118.963829",12500,381,329
1734336536,2024-12-16T08:08:56Z,CAL007,"33.921219,-118.966309",12575,383,329
1734336538,2024-12-16T08:08:58Z,CAL007,"33.924385,-118.968597",12650,383,329
1734336540,2024-12-16T08:09:00Z,CAL007,"33.927292,-118.970665",12725,383,329
1734336542,2024-12-16T08:09:02Z,CAL007,"33.930542,-118.972961",12775,384,329
1734336544,2024-12-16T08:09:04Z,CAL007,"33.934021,-118.975464",12875,384,329
1734336576,2024-12-16T08:09:36Z,CAL007,"33.98225,-119.009567",13975,388,329
1734336608,2024-12-16T08:10:08Z,CAL007,"34.032806,-119.045326",15250,389,329
1734336640,2024-12-16T08:10:40Z,CAL007,"34.082199,-119.080589",16150,398,329
1734336671,2024-12-16T08:11:11Z,CAL007,"34.131638,-119.115959",17050,405,329
1734336701,2024-12-16T08:11:41Z,CAL007,"34.181854,-119.151939",18075,408,329
1734336733,2024-12-16T08:12:13Z,CAL007,"34.23354,-119.189011",19075,410,329
1734336766,2024-12-16T08:12:46Z,CAL007,"34.287048,-119.227448",20100,413,329
1734336799,2024-12-16T08:13:19Z,CAL007,"34.341724,-119.26683",20900,420,329
1734336831,2024-12-16T08:13:51Z,CAL007,"34.396271,-119.30603",21675,426,329
1734336863,2024-12-16T08:14:23Z,CAL007,"34.45015,-119.344933",22375,432,329
1734336896,2024-12-16T08:14:56Z,CAL007,"34.507919,-119.38652",23100,439,329
1734336929,2024-12-16T08:15:29Z,CAL007,"34.566101,-119.428558",23925,440,329
1734336962,2024-12-16T08:16:02Z,CAL007,"34.62318,-119.470078",24550,446,329
1734336994,2024-12-16T08:16:34Z,CAL007,"34.679764,-119.511124",25475,443,329
1734337027,2024-12-16T08:17:07Z,CAL007,"34.737698,-119.553162",26425,439,329
1734337059,2024-12-16T08:17:39Z,CAL007,"34.793427,-119.593864",27025,441,328
1734337090,2024-12-16T08:18:10Z,CAL007,"34.848587,-119.634079",27275,453,328
1734337121,2024-12-16T08:18:41Z,CAL007,"34.904846,-119.675247",27650,459,328
1734337153,2024-12-16T08:19:13Z,CAL007,"34.963028,-119.717682",28125,464,328
1734337185,2024-12-16T08:19:45Z,CAL007,"35.021854,-119.760757",28600,468,328
1734337216,2024-12-16T08:20:16Z,CAL007,"35.080601,-119.803909",29075,472,328
1734337249,2024-12-16T08:20:49Z,CAL007,"35.141586,-119.84877",29475,476,328
1734337281,2024-12-16T08:21:21Z,CAL007,"35.202805,-119.893852",29975,479,328
1734337312,2024-12-16T08:21:52Z,CAL007,"35.26276,-119.938095",30000,474,328
1734337345,2024-12-16T08:22:25Z,CAL007,"35.322536,-119.982277",30000,473,328
1734337377,2024-12-16T08:22:57Z,CAL007,"35.382961,-120.027092",30000,473,328
1734337408,2024-12-16T08:23:28Z,CAL007,"35.442169,-120.071014",30000,473,328
1734337439,2024-12-16T08:23:59Z,CAL007,"35.500259,-120.114212",30000,475,328
1734337470,2024-12-16T08:24:30Z,CAL007,"35.5578,-120.157013",30000,476,328
1734337501,2024-12-16T08:25:01Z,CAL007,"35.616669,-120.200958",30000,477,328
1734337532,2024-12-16T08:25:32Z,CAL007,"35.675446,-120.244789",30000,469,328
1734337564,2024-12-16T08:26:04Z,CAL007,"35.73457,-120.288956",30000,467,328
1734337595,2024-12-16T08:26:35Z,CAL007,"35.790985,-120.33136",30000,471,328
1734337627,2024-12-16T08:27:07Z,CAL007,"35.851925,-120.377258",30000,471,328
1734337660,2024-12-16T08:27:40Z,CAL007,"35.912109,-120.422455",30000,465,328
1734337693,2024-12-16T08:28:13Z,CAL007,"35.971752,-120.467422",30000,465,328
1734337725,2024-12-16T08:28:45Z,CAL007,"36.032085,-120.513069",30000,468,328
1734337757,2024-12-16T08:29:17Z,CAL007,"36.090729,-120.557442",30000,469,328
1734337788,2024-12-16T08:29:48Z,CAL007,"36.149117,-120.60183",30000,470,328
1734337820,2024-12-16T08:30:20Z,CAL007,"36.207539,-120.646187",30000,472,328
1734337851,2024-12-16T08:30:51Z,CAL007,"36.265274,-120.690193",30000,472,328
1734337882,2024-12-16T08:31:22Z,CAL007,"36.323406,-120.734489",30000,471,328
1734337913,2024-12-16T08:31:53Z,CAL007,"36.380722,-120.778366",30000,472,328
1734337945,2024-12-16T08:32:25Z,CAL007,"36.440113,-120.823837",30000,472,328
1734337976,2024-12-16T08:32:56Z,CAL007,"36.498444,-120.868546",30000,471,328
1734338009,2024-12-16T08:33:29Z,CAL007,"36.558311,-120.914474",30000,473,328
1734338040,2024-12-16T08:34:00Z,CAL007,"36.617569,-120.960098",30000,474,328
1734338072,2024-12-16T08:34:32Z,CAL007,"36.677765,-121.006561",30000,473,328
1734338104,2024-12-16T08:35:04Z,CAL007,"36.735809,-121.051422",30000,470,328
1734338135,2024-12-16T08:35:35Z,CAL007,"36.793911,-121.096451",30000,468,328
1734338166,2024-12-16T08:36:06Z,CAL007,"36.850021,-121.139893",30000,468,328
1734338198,2024-12-16T08:36:38Z,CAL007,"36.909531,-121.186035",30000,467,328
1734338230,2024-12-16T08:37:10Z,CAL007,"36.967117,-121.230858",30000,467,328
1734338261,2024-12-16T08:37:41Z,CAL007,"37.025482,-121.276382",30000,468,328
1734338292,2024-12-16T08:38:12Z,CAL007,"37.080688,-121.31945",30000,467,328
1734338324,2024-12-16T08:38:44Z,CAL007,"37.139282,-121.365326",30000,466,327
1734338355,2024-12-16T08:39:15Z,CAL007,"37.197239,-121.410751",30000,464,327
1734338388,2024-12-16T08:39:48Z,CAL007,"37.256313,-121.457085",30000,461,327
1734338419,2024-12-16T08:40:19Z,CAL007,"37.311573,-121.50061",30000,459,327
1734338451,2024-12-16T08:40:51Z,CAL007,"37.370647,-121.54718",30000,458,327
1734338484,2024-12-16T08:41:24Z,CAL007,"37.428726,-121.593117",30000,457,327
1734338515,2024-12-16T08:41:55Z,CAL007,"37.48439,-121.637177",30000,456,327
1734338547,2024-12-16T08:42:27Z,CAL007,"37.541214,-121.682121",30000,455,327
1734338577,2024-12-16T08:42:57Z,CAL007,"37.595764,-121.725304",30000,448,327
1734338608,2024-12-16T08:43:28Z,CAL007,"37.648842,-121.767563",30000,443,327
1734338640,2024-12-16T08:44:00Z,CAL007,"37.703773,-121.811394",30000,441,327
1734338672,2024-12-16T08:44:32Z,CAL007,"37.758614,-121.855156",30000,439,327
1734338704,2024-12-16T08:45:04Z,CAL007,"37.81279,-121.898567",30000,437,327
1734338735,2024-12-16T08:45:35Z,CAL007,"37.866165,-121.941345",30000,438,327
1734338765,2024-12-16T08:46:05Z,CAL007,"37.918427,-121.983292",30000,441,327
1734338796,2024-12-16T08:46:36Z,CAL007,"37.972614,-122.026817",30000,443,327
1734338827,2024-12-16T08:47:07Z,CAL007,"38.025543,-122.069389",30000,442,327
1734338858,2024-12-16T08:47:38Z,CAL007,"38.079071,-122.112572",30000,441,327
1734338889,2024-12-16T08:48:09Z,CAL007,"38.131638,-122.154953",30000,440,327
1734338921,2024-12-16T08:48:41Z,CAL007,"38.186241,-122.199135",30000,440,327
1734338951,2024-12-16T08:49:11Z,CAL007,"38.238846,-122.24189",30000,442,327
1734338984,2024-12-16T08:49:44Z,CAL007,"38.294952,-122.287415",30000,438,327
1734339015,2024-12-16T08:50:15Z,CAL007,"38.347641,-122.330254",30000,435,327
1734339047,2024-12-16T08:50:47Z,CAL007,"38.401871,-122.374496",30000,436,327
1734339077,2024-12-16T08:51:17Z,CAL007,"38.453964,-122.417114",30000,436,327
1734339109,2024-12-16T08:51:49Z,CAL007,"38.507267,-122.460693",30000,436,327
1734339140,2024-12-16T08:52:20Z,CAL007,"38.559952,-122.503769",30000,434,327
1734339172,2024-12-16T08:52:52Z,CAL007,"38.614754,-122.548889",30000,434,326
1734339204,2024-12-16T08:53:24Z,CAL007,"38.668213,-122.592972",30000,435,327
1734339235,2024-12-16T08:53:55Z,CAL007,"38.721313,-122.636536",30000,436,327
1734339267,2024-12-16T08:54:27Z,CAL007,"38.775742,-122.681458",30000,438,327
1734339299,2024-12-16T08:54:59Z,CAL007,"38.829315,-122.72583",30000,436,327
1734339331,2024-12-16T08:55:31Z,CAL007,"38.881268,-122.774902",30000,424,317
1734339334,2024-12-16T08:55:34Z,CAL007,"38.884945,-122.779114",29975,424,317
1734339365,2024-12-16T08:56:05Z,CAL007,"38.93066,-122.830688",30000,428,318
1734339397,2024-12-16T08:56:37Z,CAL007,"38.978394,-122.884109",30000,426,318
1734339428,2024-12-16T08:57:08Z,CAL007,"39.025635,-122.93689",29975,425,318
1734339459,2024-12-16T08:57:39Z,CAL007,"39.070969,-122.987549",30000,427,318
1734339492,2024-12-16T08:58:12Z,CAL007,"39.119942,-123.042297",30000,427,318
1734339523,2024-12-16T08:58:43Z,CAL007,"39.167049,-123.094116",30000,429,321
1734339556,2024-12-16T08:59:16Z,CAL007,"39.219284,-123.14502",30000,434,322
1734339586,2024-12-16T08:59:46Z,CAL007,"39.267883,-123.192078",30000,435,323
1734339616,2024-12-16T09:00:16Z,CAL007,"39.316864,-123.239555",30000,435,323
1734339646,2024-12-16T09:00:46Z,CAL007,"39.364433,-123.285645",30000,435,323
1734339681,2024-12-16T09:01:21Z,CAL007,"39.421368,-123.339661",30000,443,326
1734339713,2024-12-16T09:01:53Z,CAL007,"39.477081,-123.385361",30000,444,327
1734339745,2024-12-16T09:02:25Z,CAL007,"39.532627,-123.429993",30000,446,328
1734339778,2024-12-16T09:02:58Z,CAL007,"39.590561,-123.477074",30000,447,327
1734339810,2024-12-16T09:03:30Z,CAL007,"39.646587,-123.523071",30000,449,327
1734339842,2024-12-16T09:04:02Z,CAL007,"39.703949,-123.570221",30000,449,327
1734339873,2024-12-16T09:04:33Z,CAL007,"39.757874,-123.614525",30000,449,327
1734339905,2024-12-16T09:05:05Z,CAL007,"39.813309,-123.660019",30000,448,327
1734339936,2024-12-16T09:05:36Z,CAL007,"39.866451,-123.703674",30000,444,327
1734339967,2024-12-16T09:06:07Z,CAL007,"39.921711,-123.749451",30000,450,327
1734340000,2024-12-16T09:06:40Z,CAL007,"39.978699,-123.796692",30000,457,327
1734340030,2024-12-16T09:07:10Z,CAL007,"40.033855,-123.842201",30000,458,327
1734340061,2024-12-16T09:07:41Z,CAL007,"40.089157,-123.888016",30000,448,327
1734340093,2024-12-16T09:08:13Z,CAL007,"40.14418,-123.933655",30000,443,327
1734340124,2024-12-16T09:08:44Z,CAL007,"40.198288,-123.979004",29975,449,327
1734340156,2024-12-16T09:09:16Z,CAL007,"40.254181,-124.025574",30000,450,327
1734340186,2024-12-16T09:09:46Z,CAL007,"40.307602,-124.070374",30000,453,327
1734340217,2024-12-16T09:10:17Z,CAL007,"40.362396,-124.116272",30000,456,327
1734340248,2024-12-16T09:10:48Z,CAL007,"40.417236,-124.162231",30000,457,327
1734340281,2024-12-16T09:11:21Z,CAL007,"40.475727,-124.211426",30000,455,327
1734340311,2024-12-16T09:11:51Z,CAL007,"40.530029,-124.257263",30000,455,327
1734340342,2024-12-16T09:12:22Z,CAL007,"40.583633,-124.302551",30000,457,327
1734340374,2024-12-16T09:12:54Z,CAL007,"40.641594,-124.351624",30000,459,327
1734340406,2024-12-16T09:13:26Z,CAL007,"40.697643,-124.399254",30000,462,327
1734340438,2024-12-16T09:13:58Z,CAL007,"40.755878,-124.448692",29975,464,327
1734340470,2024-12-16T09:14:30Z,CAL007,"40.813385,-124.497681",30000,467,327
1734340501,2024-12-16T09:15:01Z,CAL007,"40.870163,-124.546074",30000,467,327
1734340533,2024-12-16T09:15:33Z,CAL007,"40.927643,-124.595276",30000,467,327
1734340563,2024-12-16T09:16:03Z,CAL007,"40.982029,-124.64183",30000,464,327
1734340595,2024-12-16T09:16:35Z,CAL007,"41.040218,-124.691826",30000,465,326
1734340627,2024-12-16T09:17:07Z,CAL007,"41.09816,-124.741821",30000,469,326
1734340660,2024-12-16T09:17:40Z,CAL007,"41.157066,-124.792641",30000,471,326
1734340691,2024-12-16T09:18:11Z,CAL007,"41.213974,-124.841736",30000,468,326
1734340722,2024-12-16T09:18:42Z,CAL007,"41.270828,-124.890991",30000,464,326
1734340753,2024-12-16T09:19:13Z,CAL007,"41.326981,-124.939705",30000,462,326
1734340784,2024-12-16T09:19:44Z,CAL007,"41.381744,-124.987488",30025,465,326
1734340816,2024-12-16T09:20:16Z,CAL007,"41.440521,-125.038719",30000,467,326
1734340848,2024-12-16T09:20:48Z,CAL007,"41.497597,-125.088478",30000,466,326
1734340880,2024-12-16T09:21:20Z,CAL007,"41.555695,-125.139389",30000,465,326
1734340913,2024-12-16T09:21:53Z,CAL007,"41.613556,-125.19017",30000,465,326
1734340943,2024-12-16T09:22:23Z,CAL007,"41.668442,-125.238396",30000,464,326
1734340975,2024-12-16T09:22:55Z,CAL007,"41.725342,-125.288521",30000,463,326
1734341006,2024-12-16T09:23:26Z,CAL007,"41.781326,-125.338089",30000,462,326
1734341037,2024-12-16T09:23:57Z,CAL007,"41.835892,-125.386452",30000,463,326
1734341069,2024-12-16T09:24:29Z,CAL007,"41.892361,-125.436531",30000,463,326
1734341099,2024-12-16T09:24:59Z,CAL007,"41.946873,-125.484947",30000,466,326
1734341131,2024-12-16T09:25:31Z,CAL007,"42.004784,-125.536491",30000,469,326
1734341162,2024-12-16T09:26:02Z,CAL007,"42.061569,-125.587151",30000,472,326
1734341193,2024-12-16T09:26:33Z,CAL007,"42.118603,-125.638176",30000,474,326
1734341225,2024-12-16T09:27:05Z,CAL007,"42.176468,-125.689964",30000,476,326
1734341258,2024-12-16T09:27:38Z,CAL007,"42.235077,-125.742676",30000,479,326
1734341289,2024-12-16T09:28:09Z,CAL007,"42.294525,-125.796265",30000,481,326
1734341320,2024-12-16T09:28:40Z,CAL007,"42.351059,-125.847267",30000,482,326
1734341353,2024-12-16T09:29:13Z,CAL007,"42.412491,-125.902824",30000,485,326
1734341385,2024-12-16T09:29:45Z,CAL007,"42.471909,-125.956757",30000,487,326
1734341416,2024-12-16T09:30:16Z,CAL007,"42.531143,-126.010628",30000,489,326
1734341448,2024-12-16T09:30:48Z,CAL007,"42.591667,-126.06575",30000,492,326
1734341480,2024-12-16T09:31:20Z,CAL007,"42.651672,-126.120491",30000,492,326
1734341522,2024-12-16T09:32:02Z,CAL007,"42.728252,-126.196632",30000,486,320
1734341553,2024-12-16T09:32:33Z,CAL007,"42.780075,-126.259064",30000,479,317
1734341584,2024-12-16T09:33:04Z,CAL007,"42.829082,-126.320274",30000,476,317
1734341624,2024-12-16T09:33:44Z,CAL007,"42.894394,-126.402481",30000,476,317
1734341657,2024-12-16T09:34:17Z,CAL007,"42.948677,-126.471016",30000,476,317
1734341691,2024-12-16T09:34:51Z,CAL007,"43.003647,-126.540466",30000,477,317
1734341723,2024-12-16T09:35:23Z,CAL007,"43.055878,-126.606506",30000,476,317
1734341755,2024-12-16T09:35:55Z,CAL007,"43.105465,-126.669357",30000,476,317
1734341789,2024-12-16T09:36:29Z,CAL007,"43.160843,-126.739815",30000,477,317
1734341817,2024-12-16T09:36:57Z,CAL007,"43.206528,-126.798119",30000,478,317
1734341853,2024-12-16T09:37:33Z,CAL007,"43.264393,-126.872017",30000,480,316
1734341870,2024-12-16T09:37:50Z,CAL007,"43.293442,-126.909157",30000,480,316
1734341908,2024-12-16T09:38:28Z,CAL007,"43.354424,-126.987305",30000,478,316
1734341948,2024-12-16T09:39:08Z,CAL007,"43.41634,-127.066956",30000,480,316
1734342003,2024-12-16T09:40:03Z,CAL007,"43.507233,-127.18438",30000,483,316
1734342039,2024-12-16T09:40:39Z,CAL007,"43.566513,-127.261215",30000,480,316
1734342073,2024-12-16T09:41:13Z,CAL007,"43.620392,-127.331223",30000,482,316
1734342085,2024-12-16T09:41:25Z,CAL007,"43.639465,-127.356133",30000,481,316
1734342267,2024-12-16T09:44:27Z,CAL007,"43.933071,-127.741112",30000,477,316
1734342298,2024-12-16T09:44:58Z,CAL007,"43.982986,-127.807152",30000,477,316
1734342331,2024-12-16T09:45:31Z,CAL007,"44.03508,-127.876129",30000,476,316
1734342362,2024-12-16T09:46:02Z,CAL007,"44.084793,-127.942245",30000,475,316
1734342386,2024-12-16T09:46:26Z,CAL007,"44.122009,-127.991936",30000,474,316
1734342445,2024-12-16T09:47:25Z,CAL007,"44.215267,-128.116455",30000,471,316
1734342477,2024-12-16T09:47:57Z,CAL007,"44.265453,-128.183792",30000,473,315
1734342508,2024-12-16T09:48:28Z,CAL007,"44.314865,-128.250275",30000,475,315
1734342539,2024-12-16T09:48:59Z,CAL007,"44.364143,-128.316696",30000,475,315
1734342570,2024-12-16T09:49:30Z,CAL007,"44.413284,-128.383026",30000,475,315
1734342576,2024-12-16T09:49:36Z,CAL007,"44.422897,-128.396042",30000,475,315
1734342658,2024-12-16T09:50:58Z,CAL007,"44.551331,-128.57045",30000,478,315
1734342699,2024-12-16T09:51:39Z,CAL007,"44.616829,-128.659882",30000,478,315
1734342732,2024-12-16T09:52:12Z,CAL007,"44.66729,-128.728882",30000,480,315
1734343773,2024-12-16T10:09:33Z,CAL007,"46.298714,-131.043945",30000,504,316
1734344339,2024-12-16T10:18:59Z,CAL007,"47.191368,-132.495926",30000,512,303
1734345476,2024-12-16T10:37:56Z,CAL007,"48.612442,-136.06842",30000,517,301
1734346698,2024-12-16T10:58:18Z,CAL007,"50.02116,-140.045013",30000,515,301
1734348357,2024-12-16T11:25:57Z,CAL007,"51.261177,-145.676483",30000,490,288
1734349640,2024-12-16T11:47:20Z,CAL007,"52.009987,-150.053558",31000,494,285
1734350544,2024-12-16T12:02:24Z,CAL007,"52.437229,-153.371368",31000,483,281
1734351263,2024-12-16T12:14:23Z,CAL007,"52.709641,-156.022446",31000,516,281
1734351828,2024-12-16T12:23:48Z,CAL007,"52.890785,-158.260986",31000,523,279
1734352166,2024-12-16T12:29:26Z,CAL007,"52.973057,-159.566467",31000,510,277
1734352327,2024-12-16T12:32:07Z,CAL007,"53.005623,-160.100281",31000,530,277
1734352411,2024-12-16T12:33:31Z,CAL007,"53.047035,-160.467285",31000,530,284
1734352464,2024-12-16T12:34:24Z,CAL007,"53.079319,-160.714493",31000,530,283
1734352679,2024-12-16T12:37:59Z,CAL007,"53.2332,-161.700775",31000,535,282
1734352710,2024-12-16T12:38:30Z,CAL007,"53.249634,-161.828293",31000,534,282
1734352744,2024-12-16T12:39:04Z,CAL007,"53.266281,-161.958679",31000,535,281
1734352775,2024-12-16T12:39:35Z,CAL007,"53.282547,-162.08757",31000,536,281
1734352807,2024-12-16T12:40:07Z,CAL007,"53.298889,-162.217926",31000,537,281
1734352839,2024-12-16T12:40:39Z,CAL007,"53.31488,-162.347153",31000,536,281
1734352869,2024-12-16T12:41:09Z,CAL007,"53.329742,-162.468338",31000,536,281
1734352902,2024-12-16T12:41:42Z,CAL007,"53.345932,-162.601456",31000,536,281
1734352933,2024-12-16T12:42:13Z,CAL007,"53.361145,-162.727295",31000,536,281
1734352966,2024-12-16T12:42:46Z,CAL007,"53.377216,-162.861816",31000,537,281
1734352998,2024-12-16T12:43:18Z,CAL007,"53.39296,-162.994492",31000,536,281
1734353031,2024-12-16T12:43:51Z,CAL007,"53.408478,-163.127518",31000,539,281
1734353062,2024-12-16T12:44:22Z,CAL007,"53.423172,-163.254639",31000,540,280
1734353095,2024-12-16T12:44:55Z,CAL007,"53.438461,-163.388672",30975,542,280
1734353126,2024-12-16T12:45:26Z,CAL007,"53.453281,-163.518402",31000,541,280
1734353157,2024-12-16T12:45:57Z,CAL007,"53.467525,-163.645966",31000,539,280
1734353189,2024-12-16T12:46:29Z,CAL007,"53.481911,-163.775375",31000,538,280
1734353219,2024-12-16T12:46:59Z,CAL007,"53.495316,-163.897812",31000,537,280
1734353251,2024-12-16T12:47:31Z,CAL007,"53.509872,-164.031601",31000,537,280
1734353284,2024-12-16T12:48:04Z,CAL007,"53.524181,-164.164261",31000,537,280
1734353316,2024-12-16T12:48:36Z,CAL007,"53.538391,-164.297394",31000,537,280
1734353347,2024-12-16T12:49:07Z,CAL007,"53.551647,-164.423645",31000,537,279
1734353378,2024-12-16T12:49:38Z,CAL007,"53.564819,-164.550079",31000,537,279
1734353411,2024-12-16T12:50:11Z,CAL007,"53.578766,-164.685135",31000,537,279
1734353442,2024-12-16T12:50:42Z,CAL007,"53.591866,-164.813339",31000,537,279
1734353473,2024-12-16T12:51:13Z,CAL007,"53.604767,-164.941513",31000,536,279
1734353504,2024-12-16T12:51:44Z,CAL007,"53.617355,-165.068405",31000,536,279
1734353537,2024-12-16T12:52:17Z,CAL007,"53.63055,-165.202789",31000,537,279
1734353569,2024-12-16T12:52:49Z,CAL007,"53.643585,-165.337204",31000,538,279
1734353601,2024-12-16T12:53:21Z,CAL007,"53.656311,-165.469879",31000,538,279
1734353633,2024-12-16T12:53:53Z,CAL007,"53.668633,-165.599182",31000,538,278
1734353664,2024-12-16T12:54:24Z,CAL007,"53.68071,-165.727982",31000,534,278
1734353695,2024-12-16T12:54:55Z,CAL007,"53.692608,-165.856079",31000,531,278
1734353727,2024-12-16T12:55:27Z,CAL007,"53.704197,-165.982498",31150,531,278
1734353758,2024-12-16T12:55:58Z,CAL007,"53.715836,-166.111023",31900,531,278
1734353790,2024-12-16T12:56:30Z,CAL007,"53.727566,-166.241638",32450,533,278
1734353823,2024-12-16T12:57:03Z,CAL007,"53.739395,-166.377182",33175,533,278
1734353855,2024-12-16T12:57:35Z,CAL007,"53.750702,-166.508163",33600,536,278
1734353886,2024-12-16T12:58:06Z,CAL007,"53.761871,-166.638351",34000,539,278
1734353919,2024-12-16T12:58:39Z,CAL007,"53.773514,-166.775604",34000,539,278
1734353949,2024-12-16T12:59:09Z,CAL007,"53.784126,-166.901627",34000,536,278
1734353980,2024-12-16T12:59:40Z,CAL007,"53.794464,-167.02684",34000,535,277
1734354011,2024-12-16T13:00:11Z,CAL007,"53.804855,-167.154465",34000,531,277
1734354037,2024-12-16T13:00:37Z,CAL007,"53.813507,-167.261505",34000,530,277
1734354079,2024-12-16T13:01:19Z,CAL007,"53.82724,-167.435715",34000,532,277
1734354115,2024-12-16T13:01:55Z,CAL007,"53.838638,-167.58255",34000,533,277
1734354147,2024-12-16T13:02:27Z,CAL007,"53.848698,-167.714371",34000,531,277
1734354179,2024-12-16T13:02:59Z,CAL007,"53.858551,-167.845352",34000,533,277
1734354210,2024-12-16T13:03:30Z,CAL007,"53.868061,-167.972961",34000,533,277
1734354242,2024-12-16T13:04:02Z,CAL007,"53.877731,-168.105179",34000,532,277
1734354273,2024-12-16T13:04:33Z,CAL007,"53.887009,-168.233719",34000,529,277
1734354306,2024-12-16T13:05:06Z,CAL007,"53.896645,-168.369354",34000,526,276
1734354337,2024-12-16T13:05:37Z,CAL007,"53.905746,-168.49881",34000,526,276
1734354370,2024-12-16T13:06:10Z,CAL007,"53.914948,-168.633545",34000,527,276
1734354400,2024-12-16T13:06:40Z,CAL007,"53.92318,-168.755737",34000,528,276
1734354434,2024-12-16T13:07:14Z,CAL007,"53.932259,-168.892578",34000,528,276
1734354466,2024-12-16T13:07:46Z,CAL007,"53.940994,-169.025681",34000,528,276
1734354499,2024-12-16T13:08:19Z,CAL007,"53.949669,-169.161346",34000,526,276
1734354531,2024-12-16T13:08:51Z,CAL007,"53.957954,-169.291809",34000,522,276
1734354562,2024-12-16T13:09:22Z,CAL007,"53.965633,-169.416534",34000,520,275
1734354594,2024-12-16T13:09:54Z,CAL007,"53.973595,-169.547318",34000,520,275
1734354625,2024-12-16T13:10:25Z,CAL007,"53.981232,-169.674149",34000,520,275
1734354657,2024-12-16T13:10:57Z,CAL007,"53.988647,-169.801392",34000,519,275
1734354688,2024-12-16T13:11:28Z,CAL007,"53.996361,-169.929977",34000,521,276
1734354721,2024-12-16T13:12:01Z,CAL007,"54.009247,-170.060043",34000,524,281
1734355149,2024-12-16T13:19:09Z,CAL007,"54.213066,-171.603897",34000,550,282
1734355209,2024-12-16T13:20:09Z,CAL007,"54.24654,-171.848602",34000,530,283
1734355245,2024-12-16T13:20:45Z,CAL007,"54.272625,-172.04187",34000,540,283
1734355341,2024-12-16T13:22:21Z,CAL007,"54.318691,-172.386017",34000,540,283
1734355397,2024-12-16T13:23:17Z,CAL007,"54.340767,-172.60611",34000,540,277
1734355432,2024-12-16T13:23:52Z,CAL007,"54.361546,-172.787476",34000,530,284
1734355970,2024-12-16T13:32:50Z,CAL007,"54.612621,-175.007156",34000,490,282
1734356055,2024-12-16T13:34:15Z,CAL007,"54.641525,-175.304947",34000,530,280
1734356094,2024-12-16T13:34:54Z,CAL007,"54.655212,-175.485611",34000,510,277
1734356142,2024-12-16T13:35:42Z,CAL007,"54.67865,-175.715469",34000,510,284
1734357214,2024-12-16T13:53:34Z,CAL007,"55,180",34000,502,280
1734357473,2024-12-16T13:57:53Z,CAL007,"54.900002,178.800003",34000,501,263
1734360382,2024-12-16T14:46:22Z,CAL007,"53.016666,168.133331",34000,487,249
1734361492,2024-12-16T15:04:52Z,CAL007,"51.837444,164.371094",34000,483,241
1734361657,2024-12-16T15:07:37Z,CAL007,"51.660461,163.855286",34000,482,240
1734361733,2024-12-16T15:08:53Z,CAL007,"51.590393,163.64679",34000,481,241
1734362899,2024-12-16T15:28:19Z,CAL007,"50.186634,160.339325",34000,468,236
1734363241,2024-12-16T15:34:01Z,CAL007,"49.707813,159.341919",34000,467,233
1734365010,2024-12-16T16:03:30Z,CAL007,"47.390213,154.972107",35004,452,230
1734366418,2024-12-16T16:26:58Z,CAL007,"45.539017,151.939545",35004,427,227
1734368033,2024-12-16T16:53:53Z,CAL007,"43.46685,148.921768",35000,386,225
1734368068,2024-12-16T16:54:28Z,CAL007,"43.423828,148.862503",35000,320,225
1734368100,2024-12-16T16:55:00Z,CAL007,"43.383472,148.806808",35000,387,225
1734368138,2024-12-16T16:55:38Z,CAL007,"43.34288,148.751221",35000,388,225
1734368167,2024-12-16T16:56:07Z,CAL007,"43.297443,148.688904",35000,386,225
1734368199,2024-12-16T16:56:39Z,CAL007,"43.257431,148.634354",35000,385,224
1734368230,2024-12-16T16:57:10Z,CAL007,"43.219143,148.582047",35000,383,224
1734368262,2024-12-16T16:57:42Z,CAL007,"43.178192,148.526276",35000,383,225
1734368293,2024-12-16T16:58:13Z,CAL007,"43.139259,148.473358",35000,383,224
1734368324,2024-12-16T16:58:44Z,CAL007,"43.101925,148.422745",35000,383,225
1734368356,2024-12-16T16:59:16Z,CAL007,"43.060043,148.36615",35000,381,224
1734368387,2024-12-16T16:59:47Z,CAL007,"43.021343,148.313797",35000,381,224
1734368411,2024-12-16T17:00:11Z,CAL007,"42.992569,148.274994",35000,382,224
1734368467,2024-12-16T17:01:07Z,CAL007,"42.920563,148.17804",35000,382,224
1734368502,2024-12-16T17:01:42Z,CAL007,"42.877216,148.119904",35000,381,224
1734368530,2024-12-16T17:02:10Z,CAL007,"42.841328,148.071762",35000,383,224
1734368572,2024-12-16T17:02:52Z,CAL007,"42.789139,148.002197",35000,383,224
1734368604,2024-12-16T17:03:24Z,CAL007,"42.748169,147.94751",35000,383,224
1734368636,2024-12-16T17:03:56Z,CAL007,"42.707161,147.893036",35000,382,224
1734368667,2024-12-16T17:04:27Z,CAL007,"42.668335,147.841339",35000,382,224
1734368698,2024-12-16T17:04:58Z,CAL007,"42.62891,147.789047",35000,384,224
1734368729,2024-12-16T17:05:29Z,CAL007,"42.590408,147.738068",35000,384,224
1734368760,2024-12-16T17:06:00Z,CAL007,"42.55101,147.686081",35000,383,224
1734368791,2024-12-16T17:06:31Z,CAL007,"42.51091,147.633209",35000,383,224
1734368823,2024-12-16T17:07:03Z,CAL007,"42.471085,147.58078",35000,385,224
1734368855,2024-12-16T17:07:35Z,CAL007,"42.430038,147.526901",35000,386,224
1734368874,2024-12-16T17:07:54Z,CAL007,"42.407043,147.492584",35000,377,234
1734368876,2024-12-16T17:07:56Z,CAL007,"42.404572,147.487457",35000,375,237
1734368879,2024-12-16T17:07:59Z,CAL007,"42.402805,147.483475",35000,373,238
1734368881,2024-12-16T17:08:01Z,CAL007,"42.400955,147.479034",35000,372,240
1734368883,2024-12-16T17:08:03Z,CAL007,"42.39949,147.475357",35000,371,242
1734368885,2024-12-16T17:08:05Z,CAL007,"42.397495,147.469742",35000,370,243
1734368888,2024-12-16T17:08:08Z,CAL007,"42.396469,147.466797",35000,367,246
1734368890,2024-12-16T17:08:10Z,CAL007,"42.394283,147.459641",35000,367,248
1734368892,2024-12-16T17:08:12Z,CAL007,"42.39312,147.455307",35000,366,250
1734368894,2024-12-16T17:08:14Z,CAL007,"42.391819,147.450134",35000,366,251
1734368896,2024-12-16T17:08:16Z,CAL007,"42.390839,147.445526",35000,365,253
1734368899,2024-12-16T17:08:19Z,CAL007,"42.390015,147.44133",35000,365,254
1734368901,2024-12-16T17:08:21Z,CAL007,"42.389191,147.436707",35000,364,257
1734368903,2024-12-16T17:08:23Z,CAL007,"42.388374,147.431152",35000,364,258
1734368905,2024-12-16T17:08:25Z,CAL007,"42.387814,147.426437",35000,364,261
1734368907,2024-12-16T17:08:27Z,CAL007,"42.38736,147.422165",35000,364,262
1734368910,2024-12-16T17:08:30Z,CAL007,"42.386856,147.416046",35000,364,263
1734368912,2024-12-16T17:08:32Z,CAL007,"42.386627,147.412674",35000,363,264
1734368914,2024-12-16T17:08:34Z,CAL007,"42.386124,147.406128",35000,363,264
1734368916,2024-12-16T17:08:36Z,CAL007,"42.385757,147.401123",35000,363,264
1734368918,2024-12-16T17:08:38Z,CAL007,"42.385391,147.396637",35000,364,263
1734368920,2024-12-16T17:08:40Z,CAL007,"42.385025,147.391891",35000,364,263
1734368922,2024-12-16T17:08:42Z,CAL007,"42.384602,147.387146",35000,364,263
1734368925,2024-12-16T17:08:45Z,CAL007,"42.384201,147.382217",35000,364,263
1734368955,2024-12-16T17:09:15Z,CAL007,"42.379211,147.315109",35000,363,264
1734368986,2024-12-16T17:09:46Z,CAL007,"42.374176,147.24295",35000,362,264
1734369018,2024-12-16T17:10:18Z,CAL007,"42.369007,147.170868",35000,363,264
1734369050,2024-12-16T17:10:50Z,CAL007,"42.363701,147.099014",35000,365,264
1734369082,2024-12-16T17:11:22Z,CAL007,"42.358345,147.027725",35000,365,264
1734369115,2024-12-16T17:11:55Z,CAL007,"42.352669,146.952682",35000,361,264
1734369147,2024-12-16T17:12:27Z,CAL007,"42.347214,146.881027",35000,362,263
1734369180,2024-12-16T17:13:00Z,CAL007,"42.341492,146.807373",35000,363,263
1734369211,2024-12-16T17:13:31Z,CAL007,"42.335957,146.735703",35000,361,264
1734369243,2024-12-16T17:14:03Z,CAL007,"42.330555,146.666016",35000,360,263
1734369274,2024-12-16T17:14:34Z,CAL007,"42.325058,146.596756",35000,359,263
1734369306,2024-12-16T17:15:06Z,CAL007,"42.319336,146.524963",35000,359,263
1734369336,2024-12-16T17:15:36Z,CAL007,"42.314026,146.457809",35000,358,263
1734369369,2024-12-16T17:16:09Z,CAL007,"42.308258,146.385452",35000,359,263
1734369400,2024-12-16T17:16:40Z,CAL007,"42.30267,146.316879",35000,360,263
1734369431,2024-12-16T17:17:11Z,CAL007,"42.296989,146.247696",35000,361,263
1734369462,2024-12-16T17:17:42Z,CAL007,"42.291126,146.176285",35000,364,263
1734369493,2024-12-16T17:18:13Z,CAL007,"42.285355,146.107117",35000,364,263
1734369525,2024-12-16T17:18:45Z,CAL007,"42.279465,146.036896",35000,365,263
1734369557,2024-12-16T17:19:17Z,CAL007,"42.273342,145.963776",35000,366,263
1734369588,2024-12-16T17:19:48Z,CAL007,"42.267426,145.893875",35000,365,263
1734369619,2024-12-16T17:20:19Z,CAL007,"42.261246,145.82222",35000,366,263
1734369652,2024-12-16T17:20:52Z,CAL007,"42.25491,145.748901",35000,366,263
1734369683,2024-12-16T17:21:23Z,CAL007,"42.24884,145.67778",35000,365,263
1734369714,2024-12-16T17:21:54Z,CAL007,"42.242706,145.608612",35000,365,263
1734369746,2024-12-16T17:22:26Z,CAL007,"42.237171,145.534744",35000,367,269
1734369753,2024-12-16T17:22:33Z,CAL007,"42.237682,145.518326",35000,367,274
1734369755,2024-12-16T17:22:35Z,CAL007,"42.238037,145.513535",35000,368,275
1734369758,2024-12-16T17:22:38Z,CAL007,"42.23843,145.508926",35000,368,277
1734369760,2024-12-16T17:22:40Z,CAL007,"42.238861,145.504608",35000,369,277
1734369762,2024-12-16T17:22:42Z,CAL007,"42.239548,145.498932",35000,370,279
1734369764,2024-12-16T17:22:44Z,CAL007,"42.240143,145.494385",35000,371,280
1734369766,2024-12-16T17:22:46Z,CAL007,"42.240894,145.489395",35000,372,282
1734369768,2024-12-16T17:22:48Z,CAL007,"42.241592,145.485367",35000,373,283
1734369771,2024-12-16T17:22:51Z,CAL007,"42.242664,145.479736",35000,374,284
1734369773,2024-12-16T17:22:53Z,CAL007,"42.243874,145.474121",35000,375,285
1734369775,2024-12-16T17:22:55Z,CAL007,"42.244759,145.470093",35000,376,286
1734369777,2024-12-16T17:22:57Z,CAL007,"42.246002,145.464722",35000,376,287
1734369779,2024-12-16T17:22:59Z,CAL007,"42.247192,145.45961",35000,376,287
1734369782,2024-12-16T17:23:02Z,CAL007,"42.248199,145.455109",35000,376,287
1734369784,2024-12-16T17:23:04Z,CAL007,"42.249298,145.450439",35000,376,286
1734369815,2024-12-16T17:23:35Z,CAL007,"42.265366,145.379272",35000,377,287
1734369847,2024-12-16T17:24:07Z,CAL007,"42.281479,145.309113",35000,378,287
1734369878,2024-12-16T17:24:38Z,CAL007,"42.293976,145.238327",35000,373,276
1734369880,2024-12-16T17:24:40Z,CAL007,"42.294434,145.232574",35000,373,276
1734369882,2024-12-16T17:24:42Z,CAL007,"42.294754,145.228394",35000,372,275
1734369884,2024-12-16T17:24:44Z,CAL007,"42.295082,145.222397",35000,371,274
1734369886,2024-12-16T17:24:46Z,CAL007,"42.295258,145.217972",35000,371,273
1734369888,2024-12-16T17:24:48Z,CAL007,"42.295441,145.212662",35000,371,272
1734369891,2024-12-16T17:24:51Z,CAL007,"42.295532,145.208054",35000,371,270
1734369894,2024-12-16T17:24:54Z,CAL007,"42.295532,145.199997",35000,371,269
1734369897,2024-12-16T17:24:57Z,CAL007,"42.295406,145.19397",35000,370,267
1734369899,2024-12-16T17:24:59Z,CAL007,"42.295212,145.188446",35000,369,266
1734369901,2024-12-16T17:25:01Z,CAL007,"42.294941,145.182724",35000,369,265
1734369903,2024-12-16T17:25:03Z,CAL007,"42.294662,145.178131",35000,369,265
1734369906,2024-12-16T17:25:06Z,CAL007,"42.294296,145.173584",35000,368,263
1734369908,2024-12-16T17:25:08Z,CAL007,"42.29364,145.166763",35000,368,262
1734369910,2024-12-16T17:25:10Z,CAL007,"42.293106,145.161972",35000,367,261
1734369912,2024-12-16T17:25:12Z,CAL007,"42.292709,145.158585",35000,367,260
1734369916,2024-12-16T17:25:16Z,CAL007,"42.291641,145.150925",35000,368,258
1734369919,2024-12-16T17:25:19Z,CAL007,"42.290543,145.143936",35000,367,257
1734369921,2024-12-16T17:25:21Z,CAL007,"42.289856,145.139938",35000,367,256
1734369923,2024-12-16T17:25:23Z,CAL007,"42.288937,145.135086",35000,368,255
1734369925,2024-12-16T17:25:25Z,CAL007,"42.287773,145.129593",35000,367,254
1734369927,2024-12-16T17:25:27Z,CAL007,"42.286743,145.124969",35000,367,253
1734369929,2024-12-16T17:25:29Z,CAL007,"42.285725,145.120575",35000,367,252
1734369931,2024-12-16T17:25:31Z,CAL007,"42.28442,145.115402",35000,367,251
1734369934,2024-12-16T17:25:34Z,CAL007,"42.283401,145.111481",35000,368,250
1734369936,2024-12-16T17:25:36Z,CAL007,"42.282074,145.106796",35000,367,249
1734369938,2024-12-16T17:25:38Z,CAL007,"42.280418,145.101227",35000,368,247
1734369940,2024-12-16T17:25:40Z,CAL007,"42.279022,145.096817",35000,368,246
1734369944,2024-12-16T17:25:44Z,CAL007,"42.276508,145.08902",35000,368,246
1734369946,2024-12-16T17:25:46Z,CAL007,"42.275299,145.085251",35000,368,246
1734369948,2024-12-16T17:25:48Z,CAL007,"42.273716,145.080399",35000,368,246
1734369950,2024-12-16T17:25:50Z,CAL007,"42.272049,145.07515",35000,368,246
1734369981,2024-12-16T17:26:21Z,CAL007,"42.251358,145.01004",35400,367,246
1734370014,2024-12-16T17:26:54Z,CAL007,"42.22879,144.940506",35950,370,246
1734370045,2024-12-16T17:27:25Z,CAL007,"42.208099,144.876709",36025,364,246
1734370078,2024-12-16T17:27:58Z,CAL007,"42.186382,144.809708",36000,367,246
1734370109,2024-12-16T17:28:29Z,CAL007,"42.164875,144.743027",36000,369,246
1734370142,2024-12-16T17:29:02Z,CAL007,"42.142437,144.674286",36000,368,246
1734370172,2024-12-16T17:29:32Z,CAL007,"42.121815,144.61087",36000,369,246
1734370204,2024-12-16T17:30:04Z,CAL007,"42.099518,144.542877",36025,370,246
1734370236,2024-12-16T17:30:36Z,CAL007,"42.077499,144.475952",36000,370,246
1734370266,2024-12-16T17:31:06Z,CAL007,"42.057106,144.413818",36000,369,246
1734370298,2024-12-16T17:31:38Z,CAL007,"42.035042,144.347",36000,366,246
1734370329,2024-12-16T17:32:09Z,CAL007,"42.014046,144.283188",36000,368,246
1734370361,2024-12-16T17:32:41Z,CAL007,"41.991051,144.213821",36000,372,245
1734370393,2024-12-16T17:33:13Z,CAL007,"41.968704,144.146698",36000,371,245
1734370423,2024-12-16T17:33:43Z,CAL007,"41.948082,144.084991",36000,370,245
1734370455,2024-12-16T17:34:15Z,CAL007,"41.925133,144.015884",36000,370,245
1734370487,2024-12-16T17:34:47Z,CAL007,"41.903641,143.951614",36000,370,245
1734370521,2024-12-16T17:35:21Z,CAL007,"41.879696,143.880203",36000,372,245
1734370551,2024-12-16T17:35:51Z,CAL007,"41.858322,143.816711",36000,368,245
1734370582,2024-12-16T17:36:22Z,CAL007,"41.836727,143.752655",36000,366,245
1734370613,2024-12-16T17:36:53Z,CAL007,"41.815361,143.687241",36000,363,247
1734370644,2024-12-16T17:37:24Z,CAL007,"41.795288,143.623581",36000,362,246
1734370676,2024-12-16T17:37:56Z,CAL007,"41.774208,143.55777",36000,364,246
1734370707,2024-12-16T17:38:27Z,CAL007,"41.753769,143.494431",36000,368,246
1734370739,2024-12-16T17:38:59Z,CAL007,"41.732079,143.427734",36000,367,246
1734370771,2024-12-16T17:39:31Z,CAL007,"41.710293,143.360855",36000,366,246
1734370801,2024-12-16T17:40:01Z,CAL007,"41.689499,143.296616",36000,368,246
1734370833,2024-12-16T17:40:33Z,CAL007,"41.66803,143.23082",36000,372,246
1734370866,2024-12-16T17:41:06Z,CAL007,"41.645142,143.160904",36000,370,246
1734370898,2024-12-16T17:41:38Z,CAL007,"41.623306,143.094055",36000,369,246
1734370930,2024-12-16T17:42:10Z,CAL007,"41.601547,143.027679",36000,372,246
1734370962,2024-12-16T17:42:42Z,CAL007,"41.579109,142.959473",36000,373,246
1734370994,2024-12-16T17:43:14Z,CAL007,"41.557755,142.894806",36000,370,246
1734371024,2024-12-16T17:43:44Z,CAL007,"41.536972,142.832062",36000,367,246
1734371056,2024-12-16T17:44:16Z,CAL007,"41.514816,142.765091",36000,366,246
1734371087,2024-12-16T17:44:47Z,CAL007,"41.493404,142.700775",36000,368,246
1734371121,2024-12-16T17:45:21Z,CAL007,"41.470001,142.630386",36000,369,246
1734371154,2024-12-16T17:45:54Z,CAL007,"41.447178,142.562302",36000,370,245
1734371185,2024-12-16T17:46:25Z,CAL007,"41.425186,142.496414",36000,373,245
1734371218,2024-12-16T17:46:58Z,CAL007,"41.402584,142.428925",36000,372,245
1734371250,2024-12-16T17:47:30Z,CAL007,"41.379818,142.361221",36000,371,245
1734371282,2024-12-16T17:48:02Z,CAL007,"41.357437,142.295105",36000,371,245
1734371314,2024-12-16T17:48:34Z,CAL007,"41.335236,142.229309",36000,370,245
1734371346,2024-12-16T17:49:06Z,CAL007,"41.312225,142.16127",36000,370,245
1734371378,2024-12-16T17:49:38Z,CAL007,"41.290329,142.096619",36000,370,245
1734371409,2024-12-16T17:50:09Z,CAL007,"41.267853,142.030945",36000,373,245
1734371442,2024-12-16T17:50:42Z,CAL007,"41.244827,141.963501",36000,375,245
1734371473,2024-12-16T17:51:13Z,CAL007,"41.222076,141.896851",36000,376,245
1734371506,2024-12-16T17:51:46Z,CAL007,"41.198593,141.828308",36000,374,245
1734371538,2024-12-16T17:52:18Z,CAL007,"41.175316,141.76059",36000,374,245
1734371569,2024-12-16T17:52:49Z,CAL007,"41.153202,141.69635",36000,376,245
1734371601,2024-12-16T17:53:21Z,CAL007,"41.129974,141.62912",36000,374,245
1734371634,2024-12-16T17:53:54Z,CAL007,"41.106674,141.561829",36000,373,245
1734371665,2024-12-16T17:54:25Z,CAL007,"41.084061,141.496643",36000,374,245
1734371697,2024-12-16T17:54:57Z,CAL007,"41.061127,141.430603",36000,376,245
1734371728,2024-12-16T17:55:28Z,CAL007,"41.038265,141.365082",36000,378,245
1734371760,2024-12-16T17:56:00Z,CAL007,"41.015408,141.299728",36000,374,245
1734371790,2024-12-16T17:56:30Z,CAL007,"40.992878,141.235123",36000,372,245
1734371821,2024-12-16T17:57:01Z,CAL007,"40.970993,141.172852",36000,371,245
1734371853,2024-12-16T17:57:33Z,CAL007,"40.947582,141.106461",36000,372,245
1734371885,2024-12-16T17:58:05Z,CAL007,"40.924484,141.041016",36000,374,245
1734371917,2024-12-16T17:58:37Z,CAL007,"40.901169,140.974884",36000,375,245
1734371950,2024-12-16T17:59:10Z,CAL007,"40.876961,140.906647",36000,375,245
1734371981,2024-12-16T17:59:41Z,CAL007,"40.85463,140.843567",36000,373,245
1734372011,2024-12-16T18:00:11Z,CAL007,"40.832382,140.781128",36000,371,244
1734372042,2024-12-16T18:00:42Z,CAL007,"40.809357,140.716553",36000,371,244
1734372073,2024-12-16T18:01:13Z,CAL007,"40.787109,140.654236",36000,370,244
1734372104,2024-12-16T18:01:44Z,CAL007,"40.764164,140.590363",36000,371,244
1734372135,2024-12-16T18:02:15Z,CAL007,"40.742054,140.528564",36000,366,244
1734372166,2024-12-16T18:02:46Z,CAL007,"40.719196,140.464951",36000,369,244
1734372198,2024-12-16T18:03:18Z,CAL007,"40.695595,140.39978",36000,369,244
1734372230,2024-12-16T18:03:50Z,CAL007,"40.672829,140.336731",36000,367,244
1734372263,2024-12-16T18:04:23Z,CAL007,"40.648499,140.26947",36000,365,244
1734372294,2024-12-16T18:04:54Z,CAL007,"40.626251,140.208191",36000,365,244
1734372326,2024-12-16T18:05:26Z,CAL007,"40.602539,140.143005",36000,367,244
1734372358,2024-12-16T18:05:58Z,CAL007,"40.578964,140.078369",36000,369,244
1734372390,2024-12-16T18:06:30Z,CAL007,"40.555481,140.014038",36000,368,244
1734372422,2024-12-16T18:07:02Z,CAL007,"40.532227,139.950562",36000,363,244
1734372454,2024-12-16T18:07:34Z,CAL007,"40.508781,139.886612",36000,364,244
1734372485,2024-12-16T18:08:05Z,CAL007,"40.486202,139.825363",36000,364,244
1734372516,2024-12-16T18:08:36Z,CAL007,"40.463436,139.763763",36000,365,244
1734372548,2024-12-16T18:09:08Z,CAL007,"40.439743,139.699402",36000,365,244
1734372579,2024-12-16T18:09:39Z,CAL007,"40.417145,139.638245",36000,365,244
1734372610,2024-12-16T18:10:10Z,CAL007,"40.393799,139.575317",36000,366,243
1734372641,2024-12-16T18:10:41Z,CAL007,"40.370682,139.513367",36000,367,243
1734372673,2024-12-16T18:11:13Z,CAL007,"40.347519,139.451172",36000,368,244
1734372705,2024-12-16T18:11:45Z,CAL007,"40.32336,139.386353",36000,368,243
1734372736,2024-12-16T18:12:16Z,CAL007,"40.299854,139.323624",36000,367,243
1734372767,2024-12-16T18:12:47Z,CAL007,"40.277069,139.262817",36000,367,243
1734372798,2024-12-16T18:13:18Z,CAL007,"40.253719,139.200714",36000,366,243
1734372830,2024-12-16T18:13:50Z,CAL007,"40.229874,139.137268",36000,367,243
1734372863,2024-12-16T18:14:23Z,CAL007,"40.205246,139.072144",36000,366,243
1734372895,2024-12-16T18:14:55Z,CAL007,"40.18103,139.007874",36000,365,243
1734372928,2024-12-16T18:15:28Z,CAL007,"40.156082,138.942139",36000,365,243
1734372961,2024-12-16T18:16:01Z,CAL007,"40.131893,138.878479",36000,366,243
1734372992,2024-12-16T18:16:32Z,CAL007,"40.10815,138.816193",36000,366,243
1734373024,2024-12-16T18:17:04Z,CAL007,"40.084076,138.753113",36000,365,243
1734373056,2024-12-16T18:17:36Z,CAL007,"40.060108,138.690338",36000,366,243
1734373087,2024-12-16T18:18:07Z,CAL007,"40.03688,138.629547",36000,369,243
1734373119,2024-12-16T18:18:39Z,CAL007,"40.012115,138.565186",36000,370,243
1734373150,2024-12-16T18:19:10Z,CAL007,"39.987991,138.50238",36000,371,243
1734373183,2024-12-16T18:19:43Z,CAL007,"39.963089,138.437927",36000,372,243
1734373215,2024-12-16T18:20:15Z,CAL007,"39.938507,138.374329",36000,372,243
1734373246,2024-12-16T18:20:46Z,CAL007,"39.914108,138.311356",36000,372,243
1734373277,2024-12-16T18:21:17Z,CAL007,"39.890396,138.250168",36000,372,243
1734373309,2024-12-16T18:21:49Z,CAL007,"39.865242,138.185486",36000,374,243
1734373342,2024-12-16T18:22:22Z,CAL007,"39.839314,138.118774",36000,374,243
1734373373,2024-12-16T18:22:53Z,CAL007,"39.814728,138.055923",36000,375,243
1734373414,2024-12-16T18:23:34Z,CAL007,"39.783279,137.975616",36000,377,243
1734373447,2024-12-16T18:24:07Z,CAL007,"39.756454,137.907379",36000,377,243
1734373481,2024-12-16T18:24:41Z,CAL007,"39.729996,137.840027",36000,378,243
1734373512,2024-12-16T18:25:12Z,CAL007,"39.705055,137.776855",36000,378,243
1734373549,2024-12-16T18:25:49Z,CAL007,"39.675495,137.701904",36000,378,243
1734373583,2024-12-16T18:26:23Z,CAL007,"39.64896,137.634827",36000,378,242
1734373615,2024-12-16T18:26:55Z,CAL007,"39.623264,137.570129",36000,378,242
1734373650,2024-12-16T18:27:30Z,CAL007,"39.595367,137.499985",36000,379,242
1734373686,2024-12-16T18:28:06Z,CAL007,"39.566284,137.427002",36000,378,242
1734373720,2024-12-16T18:28:40Z,CAL007,"39.53891,137.358582",36000,377,242
1734373752,2024-12-16T18:29:12Z,CAL007,"39.512886,137.293518",36000,377,242
1734373784,2024-12-16T18:29:44Z,CAL007,"39.496078,137.251602",36000,30,242
1734373816,2024-12-16T18:30:16Z,CAL007,"39.463074,137.169678",36000,377,242
1734373847,2024-12-16T18:30:47Z,CAL007,"39.436634,137.103943",36000,378,242
1734373880,2024-12-16T18:31:20Z,CAL007,"39.410286,137.038696",36000,380,242
1734373914,2024-12-16T18:31:54Z,CAL007,"39.383846,136.973328",36000,380,242
1734373949,2024-12-16T18:32:29Z,CAL007,"39.35376,136.8992",36000,379,242
1734373981,2024-12-16T18:33:01Z,CAL007,"39.328217,136.836243",36000,379,242
1734374012,2024-12-16T18:33:32Z,CAL007,"39.302891,136.774292",36000,379,242
1734374044,2024-12-16T18:34:04Z,CAL007,"39.276123,136.70874",36000,382,242
1734374076,2024-12-16T18:34:36Z,CAL007,"39.250351,136.645859",36000,383,242
1734374110,2024-12-16T18:35:10Z,CAL007,"39.221748,136.575928",36000,384,242
1734374143,2024-12-16T18:35:43Z,CAL007,"39.194378,136.509338",36000,384,242
1734374174,2024-12-16T18:36:14Z,CAL007,"39.16864,136.446854",36000,385,241
1734374207,2024-12-16T18:36:47Z,CAL007,"39.143497,136.385986",36000,383,241
1734374244,2024-12-16T18:37:24Z,CAL007,"39.110138,136.305283",36000,383,242
1734374278,2024-12-16T18:37:58Z,CAL007,"39.081394,136.235901",36000,384,241
1734374309,2024-12-16T18:38:29Z,CAL007,"39.05579,136.174255",36000,383,242
1734374341,2024-12-16T18:39:01Z,CAL007,"39.029305,136.110779",36000,384,241
1734374373,2024-12-16T18:39:33Z,CAL007,"39.001831,136.04483",36000,384,241
1734374404,2024-12-16T18:40:04Z,CAL007,"38.976837,135.984924",36000,383,241
1734374435,2024-12-16T18:40:35Z,CAL007,"38.950256,135.921509",36000,383,241
1734374467,2024-12-16T18:41:07Z,CAL007,"38.923599,135.858124",36000,383,241
1734374507,2024-12-16T18:41:47Z,CAL007,"38.889771,135.777756",36000,381,241
1734374539,2024-12-16T18:42:19Z,CAL007,"38.863403,135.715363",36000,382,241
1734374572,2024-12-16T18:42:52Z,CAL007,"38.835983,135.650284",36000,381,241
1734374603,2024-12-16T18:43:23Z,CAL007,"38.80925,135.587158",36000,380,241
1734374635,2024-12-16T18:43:55Z,CAL007,"38.782471,135.524002",36000,379,241
1734374666,2024-12-16T18:44:26Z,CAL007,"38.756134,135.462097",36000,378,241
1734374698,2024-12-16T18:44:58Z,CAL007,"38.729645,135.400101",36000,378,241
1734374730,2024-12-16T18:45:30Z,CAL007,"38.702599,135.336609",36000,379,241
1734374771,2024-12-16T18:46:11Z,CAL007,"38.671364,135.263428",36000,379,241
1734374802,2024-12-16T18:46:42Z,CAL007,"38.64357,135.198792",36000,378,241
1734374835,2024-12-16T18:47:15Z,CAL007,"38.614338,135.130737",36000,379,241
1734374867,2024-12-16T18:47:47Z,CAL007,"38.588242,135.070282",36000,379,241
1734374911,2024-12-16T18:48:31Z,CAL007,"38.561874,135.008957",36000,20,241
1734374948,2024-12-16T18:49:08Z,CAL007,"38.518856,134.909668",36000,379,241
1734374980,2024-12-16T18:49:40Z,CAL007,"38.492157,134.848038",36000,379,241
1734375030,2024-12-16T18:50:30Z,CAL007,"38.449821,134.750671",36000,379,241
1734375066,2024-12-16T18:51:06Z,CAL007,"38.419048,134.679993",36000,378,241
1734375073,2024-12-16T18:51:13Z,CAL007,"38.416676,134.674561",36000,379,241
1734375131,2024-12-16T18:52:11Z,CAL007,"38.363468,134.552841",36000,380,240
1734375162,2024-12-16T18:52:42Z,CAL007,"38.336838,134.492126",36000,381,240
1734375194,2024-12-16T18:53:14Z,CAL007,"38.310165,134.431763",36000,379,240
1734375226,2024-12-16T18:53:46Z,CAL007,"38.282047,134.36763",36000,380,240
1734375257,2024-12-16T18:54:17Z,CAL007,"38.255035,134.306396",36000,382,240
1734375277,2024-12-16T18:54:37Z,CAL007,"38.237503,134.266541",36000,383,240
1734375346,2024-12-16T18:55:46Z,CAL007,"38.178772,134.134125",36000,383,240
1734375378,2024-12-16T18:56:18Z,CAL007,"38.150482,134.070602",36000,383,240
1734375408,2024-12-16T18:56:48Z,CAL007,"38.124142,134.011353",36000,383,240
1734375441,2024-12-16T18:57:21Z,CAL007,"38.094818,133.945663",36000,382,240
1734375482,2024-12-16T18:58:02Z,CAL007,"38.060989,133.870102",36000,380,240
1734375513,2024-12-16T18:58:33Z,CAL007,"38.032761,133.806961",36000,382,240
1734375545,2024-12-16T18:59:05Z,CAL007,"38.004227,133.743286",36000,384,240
1734375577,2024-12-16T18:59:37Z,CAL007,"37.976292,133.681107",36000,384,240
1734375609,2024-12-16T19:00:09Z,CAL007,"37.948425,133.619522",36000,385,240
1734375640,2024-12-16T19:00:40Z,CAL007,"37.920227,133.557114",36000,385,240
1734375671,2024-12-16T19:01:11Z,CAL007,"37.893429,133.497742",36000,385,240
1734375703,2024-12-16T19:01:43Z,CAL007,"37.864567,133.434265",36000,388,240
1734375734,2024-12-16T19:02:14Z,CAL007,"37.836685,133.372849",36000,387,240
1734375766,2024-12-16T19:02:46Z,CAL007,"37.809128,133.312317",36000,387,240
1734375798,2024-12-16T19:03:18Z,CAL007,"37.780121,133.248703",36000,389,240
1734375830,2024-12-16T19:03:50Z,CAL007,"37.751953,133.186844",36000,387,240
1734375862,2024-12-16T19:04:22Z,CAL007,"37.723095,133.124084",36000,386,239
1734375894,2024-12-16T19:04:54Z,CAL007,"37.694046,133.060669",36000,386,240
1734375923,2024-12-16T19:05:23Z,CAL007,"37.671329,133.003174",36000,382,251
1734375925,2024-12-16T19:05:25Z,CAL007,"37.670013,132.998093",36000,383,252
1734375927,2024-12-16T19:05:27Z,CAL007,"37.668861,132.993149",36000,382,253
1734375929,2024-12-16T19:05:29Z,CAL007,"37.667835,132.988663",36000,382,254
1734375932,2024-12-16T19:05:32Z,CAL007,"37.666809,132.98349",36000,382,255
1734375934,2024-12-16T19:05:34Z,CAL007,"37.665974,132.978928",36000,382,256
1734375936,2024-12-16T19:05:36Z,CAL007,"37.66523,132.974335",36000,382,258
1734375938,2024-12-16T19:05:38Z,CAL007,"37.664703,132.9711",36000,382,259
1734375940,2024-12-16T19:05:40Z,CAL007,"37.664021,132.965805",36000,382,260
1734375943,2024-12-16T19:05:43Z,CAL007,"37.663513,132.961166",36000,382,262
1734375945,2024-12-16T19:05:45Z,CAL007,"37.662903,132.954987",36000,383,263
1734375947,2024-12-16T19:05:47Z,CAL007,"37.662575,132.950989",36000,384,264
1734375949,2024-12-16T19:05:49Z,CAL007,"37.662231,132.946075",36000,383,264
1734375952,2024-12-16T19:05:52Z,CAL007,"37.661877,132.941437",36000,382,264
1734375954,2024-12-16T19:05:54Z,CAL007,"37.661499,132.936554",36000,382,264
1734375956,2024-12-16T19:05:56Z,CAL007,"37.660992,132.930328",36000,382,264
1734375958,2024-12-16T19:05:58Z,CAL007,"37.660629,132.926163",36000,382,264
1734375989,2024-12-16T19:06:29Z,CAL007,"37.655319,132.856674",36000,382,264
1734376020,2024-12-16T19:07:00Z,CAL007,"37.650284,132.788361",36000,382,264
1734376051,2024-12-16T19:07:31Z,CAL007,"37.645119,132.719147",36000,383,264
1734376084,2024-12-16T19:08:04Z,CAL007,"37.641769,132.64624",36000,385,268
1734376116,2024-12-16T19:08:36Z,CAL007,"37.641724,132.581192",36000,385,269
1734376122,2024-12-16T19:08:42Z,CAL007,"37.641678,132.562851",36000,385,269
1734376182,2024-12-16T19:09:42Z,CAL007,"37.641769,132.429367",36000,383,270
1734376213,2024-12-16T19:10:13Z,CAL007,"37.641766,132.359756",36000,382,270
1734376230,2024-12-16T19:10:30Z,CAL007,"37.641815,132.324417",36000,382,270
1734376294,2024-12-16T19:11:34Z,CAL007,"37.641533,132.177536",36000,383,269
1734376321,2024-12-16T19:12:01Z,CAL007,"37.641403,132.116791",36000,384,269
1734376379,2024-12-16T19:12:59Z,CAL007,"37.641117,132.001266",36000,386,269
1734376409,2024-12-16T19:13:29Z,CAL007,"37.640762,131.91951",36000,386,269
1734376425,2024-12-16T19:13:45Z,CAL007,"37.640625,131.884506",36000,386,269
1734376488,2024-12-16T19:14:48Z,CAL007,"37.63995,131.743454",36000,386,269
1734376503,2024-12-16T19:15:03Z,CAL007,"37.639717,131.711151",36000,386,269
1734376926,2024-12-16T19:22:06Z,CAL007,"37.11945,131.044266",36000,397,219
1734376958,2024-12-16T19:22:38Z,CAL007,"37.073364,130.997711",36000,396,218
1734376991,2024-12-16T19:23:11Z,CAL007,"37.027279,130.951187",36000,392,219
1734377024,2024-12-16T19:23:44Z,CAL007,"36.981033,130.904724",36000,388,218
1734377056,2024-12-16T19:24:16Z,CAL007,"36.936455,130.859879",36000,386,218
1734377085,2024-12-16T19:24:45Z,CAL007,"36.895432,130.81871",36000,384,218
1734377118,2024-12-16T19:25:18Z,CAL007,"36.849243,130.77243",36000,385,218
1734377151,2024-12-16T19:25:51Z,CAL007,"36.804619,130.727661",36000,386,218
1734377182,2024-12-16T19:26:22Z,CAL007,"36.761032,130.684204",36000,384,218
1734377213,2024-12-16T19:26:53Z,CAL007,"36.718777,130.640656",36000,382,220
1734377248,2024-12-16T19:27:28Z,CAL007,"36.672783,130.591156",36000,381,220
1734377278,2024-12-16T19:27:58Z,CAL007,"36.633911,130.549835",36000,380,220
1734377311,2024-12-16T19:28:31Z,CAL007,"36.588684,130.502243",36000,379,220
1734377343,2024-12-16T19:29:03Z,CAL007,"36.544765,130.456223",36000,378,220
1734377374,2024-12-16T19:29:34Z,CAL007,"36.503052,130.412506",36000,378,220
1734377407,2024-12-16T19:30:07Z,CAL007,"36.459366,130.366852",36000,378,220
1734377438,2024-12-16T19:30:38Z,CAL007,"36.417721,130.323273",36000,377,220
1734377471,2024-12-16T19:31:11Z,CAL007,"36.374039,130.277481",36000,376,220
1734377503,2024-12-16T19:31:43Z,CAL007,"36.331329,130.233078",36000,376,220
1734377534,2024-12-16T19:32:14Z,CAL007,"36.290085,130.190048",36000,376,220
1734377566,2024-12-16T19:32:46Z,CAL007,"36.246552,130.14473",36000,378,220
1734377597,2024-12-16T19:33:17Z,CAL007,"36.205673,130.102158",36000,381,220
1734377629,2024-12-16T19:33:49Z,CAL007,"36.162476,130.057434",36000,381,220
1734377660,2024-12-16T19:34:20Z,CAL007,"36.120987,130.014557",36000,380,219
1734377691,2024-12-16T19:34:51Z,CAL007,"36.077797,129.969955",36000,381,219
1734377723,2024-12-16T19:35:23Z,CAL007,"36.035576,129.926361",36000,379,219
1734377755,2024-12-16T19:35:55Z,CAL007,"35.993042,129.882538",36000,376,219
1734377788,2024-12-16T19:36:28Z,CAL007,"35.948849,129.837006",36000,374,219
1734377819,2024-12-16T19:36:59Z,CAL007,"35.906845,129.793854",36000,374,219
1734377851,2024-12-16T19:37:31Z,CAL007,"35.864914,129.750702",36000,374,220
1734377883,2024-12-16T19:38:03Z,CAL007,"35.822433,129.707336",36000,374,219
1734377915,2024-12-16T19:38:35Z,CAL007,"35.779633,129.663559",36000,374,219
1734377947,2024-12-16T19:39:07Z,CAL007,"35.737362,129.620377",36000,374,219
1734377978,2024-12-16T19:39:38Z,CAL007,"35.695278,129.577377",36000,374,219
1734378011,2024-12-16T19:40:11Z,CAL007,"35.652172,129.533478",36000,373,219
1734378042,2024-12-16T19:40:42Z,CAL007,"35.611671,129.492233",36000,372,219
1734378072,2024-12-16T19:41:12Z,CAL007,"35.570938,129.450974",36000,374,219
1734378105,2024-12-16T19:41:45Z,CAL007,"35.527458,129.406906",36000,374,219
1734378137,2024-12-16T19:42:17Z,CAL007,"35.484631,129.363434",36000,375,219
1734378168,2024-12-16T19:42:48Z,CAL007,"35.442261,129.320587",36000,375,219
1734378201,2024-12-16T19:43:21Z,CAL007,"35.399231,129.277039",36000,375,219
1734378232,2024-12-16T19:43:52Z,CAL007,"35.357437,129.234985",36000,376,219
1734378263,2024-12-16T19:44:23Z,CAL007,"35.315643,129.192978",36000,377,219
1734378296,2024-12-16T19:44:56Z,CAL007,"35.27092,129.148117",36000,378,219
1734378327,2024-12-16T19:45:27Z,CAL007,"35.228668,129.105606",36000,380,219
1734378360,2024-12-16T19:46:00Z,CAL007,"35.184601,129.061554",36000,382,219
1734378392,2024-12-16T19:46:32Z,CAL007,"35.140701,129.017151",36000,381,222
1734378404,2024-12-16T19:46:44Z,CAL007,"35.125351,128.997314",36000,376,229
1734378407,2024-12-16T19:46:47Z,CAL007,"35.122833,128.993561",36000,376,230
1734378409,2024-12-16T19:46:49Z,CAL007,"35.120361,128.989746",36000,374,231
1734378411,2024-12-16T19:46:51Z,CAL007,"35.118668,128.987061",36000,374,233
1734378413,2024-12-16T19:46:53Z,CAL007,"35.116634,128.983612",36000,374,234
1734378415,2024-12-16T19:46:55Z,CAL007,"35.11356,128.978287",36000,373,235
1734378418,2024-12-16T19:46:58Z,CAL007,"35.111755,128.974945",36000,372,236
1734378420,2024-12-16T19:47:00Z,CAL007,"35.109138,128.970001",36000,372,237
1734378423,2024-12-16T19:47:03Z,CAL007,"35.106392,128.964447",36000,372,239
1734378425,2024-12-16T19:47:05Z,CAL007,"35.104614,128.960602",36000,372,240
1734378428,2024-12-16T19:47:08Z,CAL007,"35.102573,128.956207",36000,372,240
1734378430,2024-12-16T19:47:10Z,CAL007,"35.100666,128.952026",36000,372,240
1734378433,2024-12-16T19:47:13Z,CAL007,"35.098251,128.946701",36000,372,240
1734378435,2024-12-16T19:47:15Z,CAL007,"35.096466,128.942841",36000,372,240
1734378437,2024-12-16T19:47:17Z,CAL007,"35.094406,128.938461",36000,372,240
1734378469,2024-12-16T19:47:49Z,CAL007,"35.068268,128.882294",36000,373,240
1734378501,2024-12-16T19:48:21Z,CAL007,"35.039612,128.823608",36000,376,235
1734378533,2024-12-16T19:48:53Z,CAL007,"35.003372,128.769089",36000,382,229
1734378565,2024-12-16T19:49:25Z,CAL007,"34.967201,128.718048",36000,381,229
1734378598,2024-12-16T19:49:58Z,CAL007,"34.928608,128.664215",36000,382,229
1734378629,2024-12-16T19:50:29Z,CAL007,"34.892857,128.614136",36000,384,229
1734378661,2024-12-16T19:51:01Z,CAL007,"34.855942,128.562531",36000,384,229
1734378692,2024-12-16T19:51:32Z,CAL007,"34.819862,128.511993",36000,384,229
1734378723,2024-12-16T19:52:03Z,CAL007,"34.78363,128.461395",36000,384,229
1734378753,2024-12-16T19:52:33Z,CAL007,"34.748016,128.411896",36000,384,228
1734378785,2024-12-16T19:53:05Z,CAL007,"34.710747,128.359909",36000,383,228
1734378818,2024-12-16T19:53:38Z,CAL007,"34.672432,128.306808",36000,382,228
1734378850,2024-12-16T19:54:10Z,CAL007,"34.635284,128.255371",36000,380,228
1734378881,2024-12-16T19:54:41Z,CAL007,"34.599564,128.205856",36000,379,228
1734378914,2024-12-16T19:55:14Z,CAL007,"34.562164,128.154175",36000,380,228
1734378945,2024-12-16T19:55:45Z,CAL007,"34.525314,128.103333",36000,381,228
1734378978,2024-12-16T19:56:18Z,CAL007,"34.487595,128.051422",36000,381,228
1734379008,2024-12-16T19:56:48Z,CAL007,"34.451523,128.001648",36000,381,228
1734379041,2024-12-16T19:57:21Z,CAL007,"34.413437,127.949356",36000,382,228
1734379072,2024-12-16T19:57:52Z,CAL007,"34.377338,127.899796",36000,382,228
1734379103,2024-12-16T19:58:23Z,CAL007,"34.341385,127.850594",36000,382,228
1734379134,2024-12-16T19:58:54Z,CAL007,"34.305634,127.801598",36000,382,228
1734379166,2024-12-16T19:59:26Z,CAL007,"34.266869,127.74868",36000,382,228
1734379197,2024-12-16T19:59:57Z,CAL007,"34.231163,127.699928",36000,384,228
1734379228,2024-12-16T20:00:28Z,CAL007,"34.194622,127.650146",36000,386,228
1734379260,2024-12-16T20:01:00Z,CAL007,"34.156952,127.598969",36000,388,228
1734379290,2024-12-16T20:01:30Z,CAL007,"34.120468,127.549423",36000,387,228
1734379323,2024-12-16T20:02:03Z,CAL007,"34.082336,127.497772",36000,386,228
1734379354,2024-12-16T20:02:34Z,CAL007,"34.045532,127.447853",36000,384,228
1734379386,2024-12-16T20:03:06Z,CAL007,"34.007034,127.395889",36000,382,228
1734379418,2024-12-16T20:03:38Z,CAL007,"33.970001,127.345833",36000,381,228
1734379450,2024-12-16T20:04:10Z,CAL007,"33.932438,127.295265",36000,378,228
1734379483,2024-12-16T20:04:43Z,CAL007,"33.894562,127.244102",36000,377,228
1734379513,2024-12-16T20:05:13Z,CAL007,"33.859119,127.196503",36000,377,228
1734379545,2024-12-16T20:05:45Z,CAL007,"33.822155,127.146774",36000,377,228
1734379577,2024-12-16T20:06:17Z,CAL007,"33.784168,127.095909",36000,378,228
1734379608,2024-12-16T20:06:48Z,CAL007,"33.748882,127.048706",36000,378,228
1734379640,2024-12-16T20:07:20Z,CAL007,"33.711136,126.998199",36000,381,228
1734379671,2024-12-16T20:07:51Z,CAL007,"33.674679,126.9496",36000,383,227
1734379703,2024-12-16T20:08:23Z,CAL007,"33.634735,126.900558",36000,386,223
1734379736,2024-12-16T20:08:56Z,CAL007,"33.591293,126.852127",36000,386,222
1734379767,2024-12-16T20:09:27Z,CAL007,"33.550571,126.807114",36000,386,222
1734379801,2024-12-16T20:10:01Z,CAL007,"33.506531,126.758461",36000,385,222
1734379833,2024-12-16T20:10:33Z,CAL007,"33.46463,126.712135",36000,386,222
1734379864,2024-12-16T20:11:04Z,CAL007,"33.423203,126.666489",36000,383,222
1734379895,2024-12-16T20:11:35Z,CAL007,"33.383698,126.622925",36000,381,222
1734379928,2024-12-16T20:12:08Z,CAL007,"33.341133,126.576012",36000,380,222
1734379959,2024-12-16T20:12:39Z,CAL007,"33.30077,126.531555",36000,380,222
1734379989,2024-12-16T20:13:09Z,CAL007,"33.262299,126.48922",36000,380,222
1734380021,2024-12-16T20:13:41Z,CAL007,"33.220097,126.442825",36000,381,222
1734380052,2024-12-16T20:14:12Z,CAL007,"33.179829,126.398827",36000,382,222
1734380085,2024-12-16T20:14:45Z,CAL007,"33.137188,126.352135",36000,384,222
1734380117,2024-12-16T20:15:17Z,CAL007,"33.095444,126.306465",36000,384,222
1734380147,2024-12-16T20:15:47Z,CAL007,"33.054836,126.262222",36000,384,222
1734380180,2024-12-16T20:16:20Z,CAL007,"33.011078,126.217438",36000,392,214
1734380184,2024-12-16T20:16:24Z,CAL007,"33.004349,126.212257",36000,394,212
1734380186,2024-12-16T20:16:26Z,CAL007,"33.001236,126.210007",36000,395,211
1734380189,2024-12-16T20:16:29Z,CAL007,"32.997437,126.207352",36000,396,209
1734380191,2024-12-16T20:16:31Z,CAL007,"32.993683,126.204948",36000,398,208
1734380194,2024-12-16T20:16:34Z,CAL007,"32.988602,126.20182",36000,400,206
1734380196,2024-12-16T20:16:36Z,CAL007,"32.985077,126.199844",36000,401,205
1734380200,2024-12-16T20:16:40Z,CAL007,"32.979141,126.196648",36000,403,203
1734380202,2024-12-16T20:16:42Z,CAL007,"32.975693,126.194954",36000,405,202
1734380205,2024-12-16T20:16:45Z,CAL007,"32.969879,126.192314",36000,408,200
1734380207,2024-12-16T20:16:47Z,CAL007,"32.966171,126.190666",36000,407,200
1734380210,2024-12-16T20:16:50Z,CAL007,"32.962429,126.189079",36000,408,199
1734380213,2024-12-16T20:16:53Z,CAL007,"32.956055,126.186325",36000,408,200
1734380215,2024-12-16T20:16:55Z,CAL007,"32.952702,126.184875",36000,408,200
1734380246,2024-12-16T20:17:26Z,CAL007,"32.89735,126.160828",36000,405,199
1734380278,2024-12-16T20:17:58Z,CAL007,"32.840183,126.136612",36000,404,199
1734380311,2024-12-16T20:18:31Z,CAL007,"32.78334,126.112335",36000,403,199
1734380342,2024-12-16T20:19:02Z,CAL007,"32.728363,126.088882",36000,400,199
1734380374,2024-12-16T20:19:34Z,CAL007,"32.673618,126.065536",36000,398,199
1734380407,2024-12-16T20:20:07Z,CAL007,"32.616943,126.041252",36000,395,199
1734380437,2024-12-16T20:20:37Z,CAL007,"32.563801,126.018623",36000,394,199
1734380468,2024-12-16T20:21:08Z,CAL007,"32.51207,125.996597",36000,393,199
1734380500,2024-12-16T20:21:40Z,CAL007,"32.457245,125.973274",36000,394,199
1734380530,2024-12-16T20:22:10Z,CAL007,"32.404495,125.95089",36000,394,199
1734380561,2024-12-16T20:22:41Z,CAL007,"32.350937,125.928368",36000,391,199
1734380593,2024-12-16T20:23:13Z,CAL007,"32.29678,125.90551",36000,387,199
1734380625,2024-12-16T20:23:45Z,CAL007,"32.244003,125.883163",36000,386,199
1734380657,2024-12-16T20:24:17Z,CAL007,"32.189056,125.859993",36000,384,199
1734380690,2024-12-16T20:24:50Z,CAL007,"32.134731,125.837181",36000,382,199
1734380722,2024-12-16T20:25:22Z,CAL007,"32.083237,125.815536",36000,380,199
1734380754,2024-12-16T20:25:54Z,CAL007,"32.027939,125.792305",36000,379,199
1734380788,2024-12-16T20:26:28Z,CAL007,"31.972458,125.768959",36000,378,199
1734380820,2024-12-16T20:27:00Z,CAL007,"31.918854,125.746384",36000,378,199
1734380852,2024-12-16T20:27:32Z,CAL007,"31.866806,125.724464",36000,378,199
1734380883,2024-12-16T20:28:03Z,CAL007,"31.815903,125.703201",36000,380,199
1734380916,2024-12-16T20:28:36Z,CAL007,"31.762344,125.680794",36000,380,199
1734380948,2024-12-16T20:29:08Z,CAL007,"31.707367,125.657799",36000,381,199
1734380979,2024-12-16T20:29:39Z,CAL007,"31.655502,125.636147",36000,382,199
1734381011,2024-12-16T20:30:11Z,CAL007,"31.601568,125.613503",36000,382,199
1734381044,2024-12-16T20:30:44Z,CAL007,"31.547882,125.591072",36000,382,199
1734381076,2024-12-16T20:31:16Z,CAL007,"31.493866,125.568451",36000,382,199
1734381108,2024-12-16T20:31:48Z,CAL007,"31.44236,125.546867",36000,382,199
1734381140,2024-12-16T20:32:20Z,CAL007,"31.388901,125.524506",36000,382,199
1734381172,2024-12-16T20:32:52Z,CAL007,"31.334656,125.501892",36000,381,199
1734381203,2024-12-16T20:33:23Z,CAL007,"31.282562,125.480186",36000,380,199
1734381235,2024-12-16T20:33:55Z,CAL007,"31.229141,125.457832",36000,379,199
1734381267,2024-12-16T20:34:27Z,CAL007,"31.176132,125.435753",36000,377,199
1734381300,2024-12-16T20:35:00Z,CAL007,"31.123056,125.413773",36000,376,199
1734381331,2024-12-16T20:35:31Z,CAL007,"31.071245,125.392181",36000,376,199
1734381362,2024-12-16T20:36:02Z,CAL007,"31.02095,125.371399",36000,374,199
1734381393,2024-12-16T20:36:33Z,CAL007,"30.969948,125.350212",36000,372,199
1734381425,2024-12-16T20:37:05Z,CAL007,"30.922138,125.330437",36000,372,199
1734381461,2024-12-16T20:37:41Z,CAL007,"30.862747,125.305908",36000,370,199
1734381491,2024-12-16T20:38:11Z,CAL007,"30.810791,125.284477",36000,369,199
1734381588,2024-12-16T20:39:48Z,CAL007,"30.65591,125.220627",36000,368,200
1734382299,2024-12-16T20:51:39Z,CAL007,"29.49509,124.737869",36000,379,201
1734382355,2024-12-16T20:52:35Z,CAL007,"29.406675,124.700478",36000,380,200
1734382386,2024-12-16T20:53:06Z,CAL007,"29.350021,124.676605",36000,382,200
1734382418,2024-12-16T20:53:38Z,CAL007,"29.301283,124.655998",36000,381,200
1734382450,2024-12-16T20:54:10Z,CAL007,"29.245094,124.632301",36000,382,200
1734382481,2024-12-16T20:54:41Z,CAL007,"29.192257,124.610107",36000,383,200
1734382512,2024-12-16T20:55:12Z,CAL007,"29.140091,124.588127",36000,385,200
1734382544,2024-12-16T20:55:44Z,CAL007,"29.086945,124.565842",36000,386,200
1734382576,2024-12-16T20:56:16Z,CAL007,"29.034306,124.543762",36000,387,200
1734382609,2024-12-16T20:56:49Z,CAL007,"28.976999,124.519585",36000,386,201
1734382638,2024-12-16T20:57:18Z,CAL007,"28.932404,124.493057",36000,373,212
1734382642,2024-12-16T20:57:22Z,CAL007,"28.92663,124.488724",36000,372,213
1734382675,2024-12-16T20:57:55Z,CAL007,"28.880497,124.451782",36000,372,215
1734382706,2024-12-16T20:58:26Z,CAL007,"28.836456,124.41626",36000,372,215
1734382738,2024-12-16T20:58:58Z,CAL007,"28.792419,124.380798",36000,372,215
1734382769,2024-12-16T20:59:29Z,CAL007,"28.748428,124.345581",36000,372,215
1734382799,2024-12-16T20:59:59Z,CAL007,"28.705414,124.311111",36000,373,215
1734382821,2024-12-16T21:00:21Z,CAL007,"28.674362,124.286339",36000,373,215
1734382863,2024-12-16T21:01:03Z,CAL007,"28.614962,124.238892",36000,372,215
1734382905,2024-12-16T21:01:45Z,CAL007,"28.555664,124.191513",36000,373,215
1734382937,2024-12-16T21:02:17Z,CAL007,"28.511307,124.156128",36000,373,215
1734382968,2024-12-16T21:02:48Z,CAL007,"28.467545,124.121315",36000,370,215
1734382999,2024-12-16T21:03:19Z,CAL007,"28.423353,124.086159",36000,370,215
1734383031,2024-12-16T21:03:51Z,CAL007,"28.379269,124.051102",36000,371,215
1734383061,2024-12-16T21:04:21Z,CAL007,"28.336899,124.017426",36000,371,215
1734383093,2024-12-16T21:04:53Z,CAL007,"28.29133,123.981033",36000,371,215
1734383124,2024-12-16T21:05:24Z,CAL007,"28.248001,123.94548",36000,372,216
1734383157,2024-12-16T21:05:57Z,CAL007,"28.203552,123.909195",36000,372,215
1734383188,2024-12-16T21:06:28Z,CAL007,"28.15892,123.872856",36000,372,215
1734383219,2024-12-16T21:06:59Z,CAL007,"28.11541,123.837624",36000,371,215
1734383253,2024-12-16T21:07:33Z,CAL007,"28.068878,123.799805",36000,371,215
1734383284,2024-12-16T21:08:04Z,CAL007,"28.025253,123.764473",36025,371,215
1734383316,2024-12-16T21:08:36Z,CAL007,"27.980392,123.728188",35975,372,215
1734383348,2024-12-16T21:09:08Z,CAL007,"27.935303,123.69191",35225,374,215
1734383368,2024-12-16T21:09:28Z,CAL007,"27.907228,123.669083",34400,374,215
1734383429,2024-12-16T21:10:29Z,CAL007,"27.822281,123.599609",32000,369,215
1734383473,2024-12-16T21:11:13Z,CAL007,"27.761444,123.550224",30275,385,216
1734383495,2024-12-16T21:11:35Z,CAL007,"27.727478,123.522552",29975,393,215
1734383525,2024-12-16T21:12:05Z,CAL007,"27.683126,123.486801",30025,387,215
1734383587,2024-12-16T21:13:07Z,CAL007,"27.594025,123.414703",30000,384,215
1734383602,2024-12-16T21:13:22Z,CAL007,"27.5741,123.398598",30000,384,215
1734383664,2024-12-16T21:14:24Z,CAL007,"27.482719,123.324806",30000,383,215
1734383693,2024-12-16T21:14:53Z,CAL007,"27.441147,123.291267",30000,384,215
1734383728,2024-12-16T21:15:28Z,CAL007,"27.389521,123.249756",30000,384,215
1734383763,2024-12-16T21:16:03Z,CAL007,"27.340363,123.210136",30000,430,215
1734383795,2024-12-16T21:16:35Z,CAL007,"27.294508,123.173325",30000,382,215
1734383829,2024-12-16T21:17:09Z,CAL007,"27.243301,123.132179",30000,384,215
1734383862,2024-12-16T21:17:42Z,CAL007,"27.196468,123.094673",30000,384,215
1734383892,2024-12-16T21:18:12Z,CAL007,"27.154572,123.061134",30000,384,215
1734383928,2024-12-16T21:18:48Z,CAL007,"27.105927,123.022209",30000,385,215
1734383959,2024-12-16T21:19:19Z,CAL007,"27.055161,122.981682",30000,385,215
1734383990,2024-12-16T21:19:50Z,CAL007,"27.011124,122.946648",30000,386,215
1734384024,2024-12-16T21:20:24Z,CAL007,"26.96109,122.906853",30000,387,215
1734384053,2024-12-16T21:20:53Z,CAL007,"26.918884,122.873322",30000,387,215
1734384085,2024-12-16T21:21:25Z,CAL007,"26.871872,122.836014",30000,389,215
1734384118,2024-12-16T21:21:58Z,CAL007,"26.822422,122.796776",30000,390,215
1734384151,2024-12-16T21:22:31Z,CAL007,"26.773361,122.757912",30000,390,215
1734384184,2024-12-16T21:23:04Z,CAL007,"26.726105,122.720505",30000,390,215
1734384219,2024-12-16T21:23:39Z,CAL007,"26.674072,122.679459",30000,390,215
1734384251,2024-12-16T21:24:11Z,CAL007,"26.62619,122.641571",30000,391,215
1734384282,2024-12-16T21:24:42Z,CAL007,"26.579977,122.605095",30000,392,215
1734384315,2024-12-16T21:25:15Z,CAL007,"26.531517,122.56691",30000,391,215
1734384348,2024-12-16T21:25:48Z,CAL007,"26.481939,122.527931",30000,392,215
1734384380,2024-12-16T21:26:20Z,CAL007,"26.435211,122.491081",30000,393,215
1734384412,2024-12-16T21:26:52Z,CAL007,"26.390717,122.456154",30000,393,215
1734384443,2024-12-16T21:27:23Z,CAL007,"26.340408,122.416611",30000,393,215
1734384475,2024-12-16T21:27:55Z,CAL007,"26.293217,122.379616",30000,393,215
1734384507,2024-12-16T21:28:27Z,CAL007,"26.245926,122.342613",30000,393,215
1734384538,2024-12-16T21:28:58Z,CAL007,"26.201294,122.307678",30000,394,215
1734384570,2024-12-16T21:29:30Z,CAL007,"26.152023,122.269173",30000,393,215
1734384602,2024-12-16T21:30:02Z,CAL007,"26.104706,122.232697",29775,371,214
1734384634,2024-12-16T21:30:34Z,CAL007,"26.060129,122.198654",28725,363,214
1734384665,2024-12-16T21:31:05Z,CAL007,"26.017813,122.166229",27600,360,214
1734384696,2024-12-16T21:31:36Z,CAL007,"25.974426,122.132683",26425,358,214
1734384727,2024-12-16T21:32:07Z,CAL007,"25.933739,122.101471",25325,360,214
1734384761,2024-12-16T21:32:41Z,CAL007,"25.88607,122.065498",24050,361,214
1734384793,2024-12-16T21:33:13Z,CAL007,"25.842453,122.032089",22900,360,214
1734384824,2024-12-16T21:33:44Z,CAL007,"25.799948,121.999908",21825,347,214
1734384855,2024-12-16T21:34:15Z,CAL007,"25.758682,121.96859",20800,344,215
1734384886,2024-12-16T21:34:46Z,CAL007,"25.71817,121.937408",19875,342,214
1734384919,2024-12-16T21:35:19Z,CAL007,"25.675747,121.904968",19325,336,214
1734384940,2024-12-16T21:35:40Z,CAL007,"25.649677,121.882011",18950,338,224
1734384944,2024-12-16T21:35:44Z,CAL007,"25.645489,121.87709",18875,338,227
1734384947,2024-12-16T21:35:47Z,CAL007,"25.643829,121.875",18850,338,229
1734384950,2024-12-16T21:35:50Z,CAL007,"25.639618,121.869255",18775,337,232
1734384956,2024-12-16T21:35:56Z,CAL007,"25.634176,121.86087",18675,336,236
1734384959,2024-12-16T21:35:59Z,CAL007,"25.631744,121.856483",18625,334,237
1734384962,2024-12-16T21:36:02Z,CAL007,"25.629242,121.851799",18575,333,240
1734384968,2024-12-16T21:36:08Z,CAL007,"25.624912,121.8433",18475,333,240
1734384971,2024-12-16T21:36:11Z,CAL007,"25.622677,121.83905",18425,332,240
1734384974,2024-12-16T21:36:14Z,CAL007,"25.619751,121.833443",18375,332,240
1734384977,2024-12-16T21:36:17Z,CAL007,"25.617599,121.829323",18325,331,240
1734385008,2024-12-16T21:36:48Z,CAL007,"25.595491,121.786194",17825,329,240
1734385041,2024-12-16T21:37:21Z,CAL007,"25.569794,121.735771",17250,329,240
1734385074,2024-12-16T21:37:54Z,CAL007,"25.545731,121.689201",16700,331,240
1734385106,2024-12-16T21:38:26Z,CAL007,"25.520279,121.640167",16125,330,240
1734385139,2024-12-16T21:38:59Z,CAL007,"25.495651,121.592407",15575,326,240
1734385164,2024-12-16T21:39:24Z,CAL007,"25.473944,121.558693",15175,325,230
1734385166,2024-12-16T21:39:26Z,CAL007,"25.471895,121.556",15150,326,230
1734385196,2024-12-16T21:39:56Z,CAL007,"25.442139,121.517693",14625,324,229
1734385228,2024-12-16T21:40:28Z,CAL007,"25.411697,121.478828",14125,320,229
1734385260,2024-12-16T21:41:00Z,CAL007,"25.380615,121.438957",13575,321,229
1734385291,2024-12-16T21:41:31Z,CAL007,"25.350206,121.400276",13075,316,228
1734385324,2024-12-16T21:42:04Z,CAL007,"25.318726,121.359863",12350,317,229
1734385355,2024-12-16T21:42:35Z,CAL007,"25.29071,121.3209",11675,308,233
1734385368,2024-12-16T21:42:48Z,CAL007,"25.279495,121.303711",11300,306,234
1734385382,2024-12-16T21:43:02Z,CAL007,"25.269058,121.287025",11150,300,235
1734385393,2024-12-16T21:43:13Z,CAL007,"25.259995,121.27243",11050,288,235
1734385410,2024-12-16T21:43:30Z,CAL007,"25.247978,121.253464",10800,274,234
1734385423,2024-12-16T21:43:43Z,CAL007,"25.238529,121.238998",10600,264,233
1734385438,2024-12-16T21:43:58Z,CAL007,"25.22838,121.223923",10300,253,233
1734385453,2024-12-16T21:44:13Z,CAL007,"25.216928,121.207237",9950,243,232
1734385468,2024-12-16T21:44:28Z,CAL007,"25.20694,121.192833",9550,235,232
1734385484,2024-12-16T21:44:44Z,CAL007,"25.196678,121.178368",8975,235,231
1734385498,2024-12-16T21:44:58Z,CAL007,"25.187256,121.165413",8400,130,231
1734385513,2024-12-16T21:45:13Z,CAL007,"25.17659,121.150108",7750,241,233
1734385529,2024-12-16T21:45:29Z,CAL007,"25.166185,121.133698",7175,239,235
1734385544,2024-12-16T21:45:44Z,CAL007,"25.156952,121.118263",6700,234,236
1734385557,2024-12-16T21:45:57Z,CAL007,"25.149521,121.105453",6300,231,237
1734385573,2024-12-16T21:46:13Z,CAL007,"25.140535,121.089806",5725,228,238
1734385585,2024-12-16T21:46:25Z,CAL007,"25.133652,121.077782",5250,228,237
1734385598,2024-12-16T21:46:38Z,CAL007,"25.126802,121.066177",4900,230,234
1734385601,2024-12-16T21:46:41Z,CAL007,"25.124084,121.062263",4800,230,231
1734385604,2024-12-16T21:46:44Z,CAL007,"25.121916,121.059746",4700,228,225
1734385607,2024-12-16T21:46:47Z,CAL007,"25.119587,121.057571",4625,227,219
1734385611,2024-12-16T21:46:51Z,CAL007,"25.116562,121.055191",4525,226,214
1734385614,2024-12-16T21:46:54Z,CAL007,"25.113876,121.053368",4425,227,210
1734385617,2024-12-16T21:46:57Z,CAL007,"25.110836,121.051506",4300,228,208
1734385620,2024-12-16T21:47:00Z,CAL007,"25.108383,121.05011",4200,229,207
1734385623,2024-12-16T21:47:03Z,CAL007,"25.105225,121.048332",4050,232,206
1734385626,2024-12-16T21:47:06Z,CAL007,"25.101944,121.046532",3925,233,206
1734385629,2024-12-16T21:47:09Z,CAL007,"25.099989,121.045448",3850,236,206
1734385632,2024-12-16T21:47:12Z,CAL007,"25.09584,121.043091",3625,240,207
1734385636,2024-12-16T21:47:16Z,CAL007,"25.092773,121.041313",3500,242,208
1734385639,2024-12-16T21:47:19Z,CAL007,"25.089748,121.039536",3350,244,208
1734385644,2024-12-16T21:47:24Z,CAL007,"25.084763,121.03653",3150,245,208
1734385654,2024-12-16T21:47:34Z,CAL007,"25.074326,121.030121",2825,241,209
1734385663,2024-12-16T21:47:43Z,CAL007,"25.065536,121.024628",2625,232,209
1734385673,2024-12-16T21:47:53Z,CAL007,"25.056929,121.019226",2425,224,209
1734385682,2024-12-16T21:48:02Z,CAL007,"25.049194,121.014351",2300,218,209
1734385691,2024-12-16T21:48:11Z,CAL007,"25.04096,121.009483",2250,210,206
1734385694,2024-12-16T21:48:14Z,CAL007,"25.038214,121.00824",2250,205,200
1734385697,2024-12-16T21:48:17Z,CAL007,"25.03537,121.007286",2250,202,194
1734385700,2024-12-16T21:48:20Z,CAL007,"25.032442,121.006737",2250,201,188
1734385703,2024-12-16T21:48:23Z,CAL007,"25.029556,121.006577",2250,200,181
1734385706,2024-12-16T21:48:26Z,CAL007,"25.026995,121.006836",2250,199,174
1734385709,2024-12-16T21:48:29Z,CAL007,"25.024109,121.007484",2275,199,166
1734385712,2024-12-16T21:48:32Z,CAL007,"25.021641,121.008446",2275,198,159
1734385715,2024-12-16T21:48:35Z,CAL007,"25.019175,121.009743",2275,197,153
1734385719,2024-12-16T21:48:39Z,CAL007,"25.01683,121.011253",2275,195,148
1734385722,2024-12-16T21:48:42Z,CAL007,"25.014359,121.013084",2275,192,145
1734385724,2024-12-16T21:48:44Z,CAL007,"25.012377,121.014664",2275,191,143
1734385727,2024-12-16T21:48:47Z,CAL007,"25.010605,121.016136",2275,190,142
1734385730,2024-12-16T21:48:50Z,CAL007,"25.008362,121.01812",2275,189,141
1734385734,2024-12-16T21:48:54Z,CAL007,"25.005936,121.020256",2275,188,141
1734385737,2024-12-16T21:48:57Z,CAL007,"25.003967,121.02198",2275,188,141
1734385740,2024-12-16T21:49:00Z,CAL007,"25.001997,121.023735",2275,188,141
1734385743,2024-12-16T21:49:03Z,CAL007,"24.999622,121.025856",2275,189,141
1734385746,2024-12-16T21:49:06Z,CAL007,"24.997528,121.027725",2275,187,141
1734385749,2024-12-16T21:49:09Z,CAL007,"24.995386,121.029587",2275,187,141
1734385755,2024-12-16T21:49:15Z,CAL007,"24.991383,121.033058",2275,187,141
1734385764,2024-12-16T21:49:24Z,CAL007,"24.986023,121.037804",2275,187,141
1734385773,2024-12-16T21:49:33Z,CAL007,"24.979156,121.043755",2275,189,141
1734385782,2024-12-16T21:49:42Z,CAL007,"24.972761,121.049332",2275,188,140
1734385788,2024-12-16T21:49:48Z,CAL007,"24.969038,121.053268",2250,184,131
1734385792,2024-12-16T21:49:52Z,CAL007,"24.967392,121.055756",2225,182,125
1734385794,2024-12-16T21:49:54Z,CAL007,"24.966244,121.058037",2200,180,117
1734385797,2024-12-16T21:49:57Z,CAL007,"24.965332,121.060585",2175,178,109
1734385801,2024-12-16T21:50:01Z,CAL007,"24.964754,121.063477",2125,176,102
1734385804,2024-12-16T21:50:04Z,CAL007,"24.964554,121.066338",2100,176,91
1734385809,2024-12-16T21:50:09Z,CAL007,"24.964828,121.071068",2050,175,83
1734385813,2024-12-16T21:50:13Z,CAL007,"24.965128,121.073326",2025,173,80
1734385816,2024-12-16T21:50:16Z,CAL007,"24.965826,121.077209",2000,174,78
1734385820,2024-12-16T21:50:20Z,CAL007,"24.966385,121.080017",1975,172,77
1734385823,2024-12-16T21:50:23Z,CAL007,"24.96699,121.083176",1925,173,77
1734385827,2024-12-16T21:50:27Z,CAL007,"24.967667,121.086632",1900,172,77
1734385830,2024-12-16T21:50:30Z,CAL007,"24.968153,121.089233",1875,172,77
1734385834,2024-12-16T21:50:34Z,CAL007,"24.968758,121.0924",1850,171,78
1734385838,2024-12-16T21:50:38Z,CAL007,"24.969406,121.095634",1825,170,78
1734385845,2024-12-16T21:50:45Z,CAL007,"24.970528,121.101624",1750,164,77
1734385851,2024-12-16T21:50:51Z,CAL007,"24.971695,121.10601",1750,160,71
1734385854,2024-12-16T21:50:54Z,CAL007,"24.97261,121.108452",1725,157,67
1734385858,2024-12-16T21:50:58Z,CAL007,"24.973646,121.110794",1750,154,62
1734385861,2024-12-16T21:51:01Z,CAL007,"24.974991,121.113335",1750,152,59
1734385865,2024-12-16T21:51:05Z,CAL007,"24.976547,121.115875",1775,152,55
1734385868,2024-12-16T21:51:08Z,CAL007,"24.977976,121.117943",1775,152,52
1734385872,2024-12-16T21:51:12Z,CAL007,"24.979523,121.120094",1750,150,51
1734385876,2024-12-16T21:51:16Z,CAL007,"24.981327,121.122452",1750,149,49
1734385879,2024-12-16T21:51:19Z,CAL007,"24.982864,121.124367",1775,143,49
1734385883,2024-12-16T21:51:23Z,CAL007,"24.984421,121.126404",1775,140,49
1734385887,2024-12-16T21:51:27Z,CAL007,"24.985519,121.127724",1775,138,49
1734385890,2024-12-16T21:51:30Z,CAL007,"24.987579,121.130371",1775,140,49
1734385894,2024-12-16T21:51:34Z,CAL007,"24.989008,121.132248",1775,141,49
1734385905,2024-12-16T21:51:45Z,CAL007,"24.993668,121.138153",1750,136,48
1734385912,2024-12-16T21:51:52Z,CAL007,"24.996782,121.142044",1775,137,49
1734385923,2024-12-16T21:52:03Z,CAL007,"25.001299,121.147743",1675,139,49
1734385929,2024-12-16T21:52:09Z,CAL007,"25.003967,121.151123",1600,135,48
1734385936,2024-12-16T21:52:16Z,CAL007,"25.006512,121.154373",1525,133,48
1734385946,2024-12-16T21:52:26Z,CAL007,"25.010696,121.159668",1400,133,49
1734385953,2024-12-16T21:52:33Z,CAL007,"25.01247,121.161942",1350,132,48
1734385964,2024-12-16T21:52:44Z,CAL007,"25.017731,121.168625",1175,134,49
1734385971,2024-12-16T21:52:51Z,CAL007,"25.020525,121.172203",1100,133,49
1734385978,2024-12-16T21:52:58Z,CAL007,"25.023697,121.176247",1000,133,49
1734385989,2024-12-16T21:53:09Z,CAL007,"25.028091,121.181847",875,133,49
1734385996,2024-12-16T21:53:16Z,CAL007,"25.030905,121.185471",775,133,49
1734386004,2024-12-16T21:53:24Z,CAL007,"25.033859,121.189217",700,133,49
1734386010,2024-12-16T21:53:30Z,CAL007,"25.036678,121.192825",625,133,48
1734386018,2024-12-16T21:53:38Z,CAL007,"25.03981,121.1968",525,133,48
1734386025,2024-12-16T21:53:45Z,CAL007,"25.042311,121.199928",450,132,48
1734386032,2024-12-16T21:53:52Z,CAL007,"25.045624,121.20417",350,133,49
1734386040,2024-12-16T21:54:00Z,CAL007,"25.04892,121.208397",275,136,49
1734386048,2024-12-16T21:54:08Z,CAL007,"25.052134,121.212471",175,136,49
1734386056,2024-12-16T21:54:16Z,CAL007,"25.054962,121.216026",100,139,49
1734386066,2024-12-16T21:54:26Z,CAL007,"25.05954,121.221825",0,139,49
1734386076,2024-12-16T21:54:36Z,CAL007,"25.063705,121.227112",0,137,49
1734386090,2024-12-16T21:54:50Z,CAL007,"25.068659,121.233459",0,93,49
1734386098,2024-12-16T21:54:58Z,CAL007,"25.07056,121.235863",0,62,47
1734386111,2024-12-16T21:55:11Z,CAL007,"25.072662,121.238533",0,46,47
1734386118,2024-12-16T21:55:18Z,CAL007,"25.073547,121.239647",0,38,50
1734386126,2024-12-16T21:55:26Z,CAL007,"25.074394,121.240692",0,29,47
1734386130,2024-12-16T21:55:30Z,CAL007,"25.074759,121.241089",0,27,42
1734386135,2024-12-16T21:55:35Z,CAL007,"25.075188,121.241447",0,27,36
1734386142,2024-12-16T21:55:42Z,CAL007,"25.075911,121.241852",0,20,22
1734386148,2024-12-16T21:55:48Z,CAL007,"25.076376,121.242035",0,0,19
1734386197,2024-12-16T21:56:37Z,CAL007,"25.07729,121.241226",0,0,236
1734386212,2024-12-16T21:56:52Z,CAL007,"25.0769,121.24073",0,8,230
1734386226,2024-12-16T21:57:06Z,CAL007,"25.076572,121.240326",0,0,230
1734386243,2024-12-16T21:57:23Z,CAL007,"25.076248,121.239899",0,0,230
1734386315,2024-12-16T21:58:35Z,CAL007,"25.074293,121.237419",0,15,227
1734386323,2024-12-16T21:58:43Z,CAL007,"25.073919,121.236954",0,0,227
1734386336,2024-12-16T21:58:56Z,CAL007,"25.073227,121.236061",0,18,230
1734386350,2024-12-16T21:59:10Z,CAL007,"25.072403,121.235008",0,0,227
1734386361,2024-12-16T21:59:21Z,CAL007,"25.071732,121.234169",0,21,227
1734386369,2024-12-16T21:59:29Z,CAL007,"25.071173,121.233444",0,22,230
1734386377,2024-12-16T21:59:37Z,CAL007,"25.07058,121.232704",0,23,227
1734386388,2024-12-16T21:59:48Z,CAL007,"25.069836,121.231758",0,0,227
1734386397,2024-12-16T21:59:57Z,CAL007,"25.069229,121.23098",0,22,230
1734386412,2024-12-16T22:00:12Z,CAL007,"25.068249,121.229744",0,0,230
1734386433,2024-12-16T22:00:33Z,CAL007,"25.067041,121.22821",0,0,230
1734386444,2024-12-16T22:00:44Z,CAL007,"25.066521,121.227547",0,15,227
1734386475,2024-12-16T22:01:15Z,CAL007,"25.066587,121.225983",0,15,317
1734386487,2024-12-16T22:01:27Z,CAL007,"25.067322,121.225296",0,19,320
1734386496,2024-12-16T22:01:36Z,CAL007,"25.067986,121.22467",0,0,320
1734386505,2024-12-16T22:01:45Z,CAL007,"25.068592,121.224098",0,19,320
1734386513,2024-12-16T22:01:53Z,CAL007,"25.069187,121.223526",0,19,320
1734386523,2024-12-16T22:02:03Z,CAL007,"25.069828,121.222931",0,16,320
1734386532,2024-12-16T22:02:12Z,CAL007,"25.070253,121.222511",0,15,317
1734386540,2024-12-16T22:02:20Z,CAL007,"25.070721,121.222061",0,12,317
1734386547,2024-12-16T22:02:27Z,CAL007,"25.070984,121.221809",0,11,317
1734386555,2024-12-16T22:02:35Z,CAL007,"25.071247,121.221558",0,9,320
1734386562,2024-12-16T22:02:42Z,CAL007,"25.071453,121.221367",0,7,320
1734386572,2024-12-16T22:02:52Z,CAL007,"25.071686,121.221161",0,8,317
1734386580,2024-12-16T22:03:00Z,CAL007,"25.071968,121.220879",0,12,317
1734386589,2024-12-16T22:03:09Z,CAL007,"25.072334,121.220535",0,9,320
1734386596,2024-12-16T22:03:16Z,CAL007,"25.072617,121.220589",0,11,329
1734386602,2024-12-16T22:03:22Z,CAL007,"25.072838,121.220818",0,11,33
1734386615,2024-12-16T22:03:35Z,CAL007,"25.07328,121.221382",0,13,50
1734386627,2024-12-16T22:03:47Z,CAL007,"25.073839,121.222092",0,14,50
1734386631,2024-12-16T22:03:51Z,CAL007,"25.074001,121.222313",0,0,50
1734386639,2024-12-16T22:03:59Z,CAL007,"25.074371,121.222786",0,16,50
1734386736,2024-12-16T22:05:36Z,CAL007,"25.079344,121.229103",0,0,47
1734386770,2024-12-16T22:06:10Z,CAL007,"25.079191,121.230247",0,7,135
1734386785,2024-12-16T22:06:25Z,CAL007,"25.078981,121.230438",0,3,137
