Date EST,Latitude,Longitude,,,,
Sun 06:29:41 PM,33.9474,-118.4279,,,,
Sun 06:29:57 PM,33.9459,-118.4436,,,,
Sun 06:30:13 PM,33.9445,-118.4579,,,,
Sun 06:30:29 PM,33.9433,-118.475,,,,
Sun 06:30:45 PM,33.943,-118.4941,,,,
Sun 06:31:02 PM,33.942,-118.516,,,,
Sun 06:31:21 PM,33.9395,-118.543,,,,
Sun 06:31:51 PM,33.936,-118.5902,,,,
Sun 06:32:21 PM,33.9329,-118.6337,,,,
Sun 06:32:42 PM,33.9306,-118.6646,,,,
Sun 06:33:12 PM,33.927,-118.7098,,,,
Sun 06:33:42 PM,33.9232,-118.7574,,,,
Sun 06:34:12 PM,33.9198,-118.802,,,,
Sun 06:34:34 PM,33.9173,-118.8389,,,,
Sun 06:35:19 PM,33.9199,-118.9107,,,,
Sun 06:35:38 PM,33.9209,-118.9459,,,,
Sun 06:36:07 PM,33.9227,-119.0007,,,,
Sun 06:36:26 PM,33.9324,-119.0367,,,,
Sun 06:36:55 PM,33.9578,-119.0821,,,,
Sun 06:37:25 PM,33.9857,-119.1372,,,,
Sun 06:37:47 PM,34.0052,-119.1752,,,,
Sun 06:38:03 PM,34.0238,-119.1986,,,,
Sun 06:38:24 PM,34.053,-119.2224,,,,
Sun 06:39:04 PM,34.1112,-119.2723,,,,
Sun 06:39:34 PM,34.1529,-119.3088,,,,
Sun 06:40:04 PM,34.1961,-119.346,,,,
Sun 06:40:34 PM,34.2401,-119.3839,,,,
Sun 06:41:04 PM,34.2847,-119.4225,,,,
Sun 06:41:34 PM,34.3283,-119.4602,,,,
Sun 06:42:04 PM,34.3739,-119.4998,,,,
Sun 06:42:34 PM,34.419,-119.5389,,,,
Sun 06:42:56 PM,34.4536,-119.5703,,,,
Sun 06:43:26 PM,34.496,-119.6112,,,,
Sun 06:43:56 PM,34.5404,-119.6537,,,,
Sun 06:44:26 PM,34.5861,-119.6969,,,,
Sun 06:44:56 PM,34.632,-119.7403,,,,
Sun 06:45:26 PM,34.6778,-119.7836,,,,
Sun 06:45:56 PM,34.7241,-119.8275,,,,
Sun 06:46:22 PM,34.7618,-119.8633,,,,
Sun 06:47:00 PM,34.8205,-119.9192,,,,
Sun 06:47:30 PM,34.8677,-119.9641,,,,
Sun 06:48:00 PM,34.9137,-120.0081,,,,
Sun 06:48:39 PM,34.975,-120.0667,,,,
Sun 06:49:09 PM,35.0214,-120.1111,,,,
Sun 06:49:39 PM,35.0686,-120.1563,,,,
Sun 06:50:09 PM,35.1172,-120.203,,,,
Sun 06:50:38 PM,35.1612,-120.2454,,,,
Sun 06:51:08 PM,35.2124,-120.2939,,,,
Sun 06:51:41 PM,35.2668,-120.3429,,,,
Sun 06:52:11 PM,35.3149,-120.3865,,,,
Sun 06:52:41 PM,35.3657,-120.4331,,,,
Sun 06:53:11 PM,35.416,-120.4793,,,,
Sun 06:53:41 PM,35.4637,-120.5233,,,,
Sun 06:54:11 PM,35.5163,-120.5717,,,,
Sun 06:54:41 PM,35.5653,-120.6162,,,,
Sun 06:55:11 PM,35.6172,-120.6601,,,,
Sun 06:55:41 PM,35.6677,-120.7028,,,,
Sun 06:56:11 PM,35.7182,-120.7463,,,,
Sun 06:56:41 PM,35.7717,-120.7927,,,,
Sun 06:57:11 PM,35.8212,-120.8356,,,,
Sun 06:57:41 PM,35.8719,-120.8796,,,,
Sun 06:58:11 PM,35.9233,-120.9243,,,,
Sun 06:58:41 PM,35.9735,-120.968,,,,
Sun 06:59:14 PM,36.0304,-121.0176,,,,
Sun 06:59:44 PM,36.0822,-121.0628,,,,
Sun 07:00:15 PM,36.1315,-121.106,,,,
Sun 07:00:45 PM,36.1833,-121.1514,,,,
Sun 07:01:16 PM,36.2321,-121.1942,,,,
Sun 07:01:46 PM,36.2849,-121.2407,,,,
Sun 07:02:16 PM,36.3317,-121.2818,,,,
Sun 07:02:46 PM,36.3842,-121.3281,,,,
Sun 07:03:16 PM,36.4335,-121.3718,,,,
Sun 07:03:47 PM,36.4876,-121.4196,,,,
Sun 07:04:17 PM,36.536,-121.4625,,,,
Sun 07:04:47 PM,36.5863,-121.5071,,,,
Sun 07:05:17 PM,36.6364,-121.5516,,,,
Sun 07:05:47 PM,36.6844,-121.5945,,,,
Sun 07:06:17 PM,36.7356,-121.6402,,,,
Sun 07:06:47 PM,36.7842,-121.6836,,,,
Sun 07:07:17 PM,36.8329,-121.7272,,,,
Sun 07:07:47 PM,36.8828,-121.7719,,,,
Sun 07:08:17 PM,36.9336,-121.8175,,,,
Sun 07:08:47 PM,36.9838,-121.8627,,,,
Sun 07:09:17 PM,37.0321,-121.9062,,,,
Sun 07:09:47 PM,37.0823,-121.9515,,,,
Sun 07:10:17 PM,37.1319,-121.9963,,,,
Sun 07:10:47 PM,37.1818,-122.0415,,,,
Sun 07:11:17 PM,37.2321,-122.0871,,,,
Sun 07:11:47 PM,37.2806,-122.1312,,,,
Sun 07:12:17 PM,37.331,-122.1771,,,,
Sun 07:12:47 PM,37.3812,-122.2228,,,,
Sun 07:13:31 PM,37.455,-122.2903,,,,
Sun 07:14:01 PM,37.505,-122.3359,,,,
Sun 07:14:27 PM,37.5517,-122.3788,,,,
Sun 07:14:57 PM,37.5997,-122.4228,,,,
Sun 07:15:27 PM,37.6503,-122.4694,,,,
Sun 07:15:57 PM,37.7005,-122.5156,,,,
Sun 07:16:39 PM,37.7701,-122.5799,,,,
Sun 07:17:09 PM,37.8205,-122.6265,,,,
Sun 07:17:39 PM,37.8725,-122.6747,,,,
Sun 07:18:09 PM,37.9233,-122.7219,,,,
Sun 07:18:36 PM,37.9675,-122.7629,,,,
Sun 07:18:53 PM,37.9943,-122.7879,,,,
Sun 07:19:23 PM,38.046,-122.8353,,,,
Sun 07:19:53 PM,38.0973,-122.8845,,,,
Sun 07:20:23 PM,38.1461,-122.9315,,,,
Sun 07:20:53 PM,38.1959,-122.9791,,,,
Sun 07:21:23 PM,38.245,-123.0259,,,,
Sun 07:21:53 PM,38.2949,-123.0736,,,,
Sun 07:22:23 PM,38.347,-123.1235,,,,
Sun 07:22:53 PM,38.3974,-123.1718,,,,
Sun 07:23:23 PM,38.4463,-123.2188,,,,
Sun 07:23:53 PM,38.4962,-123.2668,,,,
Sun 07:24:23 PM,38.5474,-123.3162,,,,
Sun 07:24:53 PM,38.5983,-123.3653,,,,
Sun 07:25:23 PM,38.6478,-123.4133,,,,
Sun 07:25:53 PM,38.6985,-123.4624,,,,
Sun 07:26:23 PM,38.7492,-123.5117,,,,
Sun 07:26:53 PM,38.7997,-123.5608,,,,
Sun 07:27:23 PM,38.849,-123.6088,,,,
Sun 07:27:53 PM,38.8997,-123.6583,,,,
Sun 07:28:24 PM,38.9513,-123.7088,,,,
Sun 07:28:54 PM,39.0016,-123.7581,,,,
Sun 07:29:24 PM,39.051,-123.8066,,,,
Sun 07:29:54 PM,39.1028,-123.8576,,,,
Sun 07:30:24 PM,39.152,-123.9061,,,,
Sun 07:30:54 PM,39.2024,-123.9558,,,,
Sun 07:31:24 PM,39.2508,-124.0037,,,,
Sun 07:31:54 PM,39.3026,-124.055,,,,
Sun 07:32:25 PM,39.3536,-124.1058,,,,
Sun 07:32:55 PM,39.4028,-124.1547,,,,
Sun 07:33:25 PM,39.4546,-124.2063,,,,
Sun 07:33:55 PM,39.5042,-124.2559,,,,
Sun 07:34:25 PM,39.5537,-124.3054,,,,
Sun 07:34:55 PM,39.604,-124.3558,,,,
Sun 07:35:25 PM,39.6541,-124.4061,,,,
Sun 07:35:55 PM,39.706,-124.4584,,,,
Sun 07:36:25 PM,39.7548,-124.5075,,,,
Sun 07:36:55 PM,39.8055,-124.5587,,,,
Sun 07:37:25 PM,39.8558,-124.6096,,,,
Sun 07:38:02 PM,39.9185,-124.6733,,,,
Sun 07:38:34 PM,39.9731,-124.7288,,,,
Sun 07:39:04 PM,40.0232,-124.7798,,,,
Sun 07:39:35 PM,40.0725,-124.83,,,,
Sun 07:40:05 PM,40.1234,-124.8821,,,,
Sun 07:40:35 PM,40.174,-124.934,,,,
Sun 07:41:05 PM,40.2256,-124.9871,,,,
Sun 07:41:35 PM,40.2768,-125.0397,,,,
Sun 07:42:05 PM,40.3263,-125.0906,,,,
Sun 07:42:35 PM,40.3775,-125.1434,,,,
Sun 07:43:05 PM,40.4276,-125.1953,,,,
Sun 07:43:35 PM,40.4809,-125.2506,,,,
Sun 07:44:08 PM,40.5357,-125.3075,,,,
Sun 07:44:40 PM,40.5898,-125.364,,,,
Sun 07:45:14 PM,40.6496,-125.4263,,,,
Sun 07:45:44 PM,40.7001,-125.4791,,,,
Sun 07:46:14 PM,40.7514,-125.5328,,,,
Sun 07:46:44 PM,40.8019,-125.5858,,,,
Sun 07:47:14 PM,40.8533,-125.6398,,,,
Sun 07:47:44 PM,40.9042,-125.6935,,,,
Sun 07:48:14 PM,40.9555,-125.7477,,,,
Sun 07:48:44 PM,41.0068,-125.8021,,,,
Sun 07:49:17 PM,41.0605,-125.8589,,,,
Sun 07:49:47 PM,41.1115,-125.9132,,,,
Sun 07:50:18 PM,41.1638,-125.9688,,,,
Sun 07:50:51 PM,41.2186,-126.0273,,,,
Sun 07:51:23 PM,41.2731,-126.0858,,,,
Sun 07:51:53 PM,41.3245,-126.1408,,,,
Sun 07:52:49 PM,41.4208,-126.2444,,,,
Sun 07:53:45 PM,41.517,-126.3484,,,,
Sun 07:54:32 PM,41.5949,-126.4327,,,,
Sun 07:55:23 PM,41.6807,-126.53,,,,
Sun 07:56:12 PM,41.7562,-126.6292,,,,
Sun 07:58:07 PM,41.9403,-126.8698,,,,
Sun 07:58:38 PM,41.9868,-126.9341,,,,
Sun 07:59:08 PM,42.0343,-126.9995,,,,
Sun 08:00:08 PM,42.1276,-127.1279,,,,
Sun 08:01:07 PM,42.2186,-127.2536,,,,
Sun 08:01:52 PM,42.2833,-127.3432,,,,
Sun 08:02:22 PM,42.3362,-127.4168,,,,
Sun 08:02:53 PM,42.3843,-127.4836,,,,
Sun 08:03:25 PM,42.432,-127.5501,,,,
Sun 08:04:14 PM,42.5123,-127.6624,,,,
Sun 08:05:10 PM,42.5999,-127.7858,,,,
Sun 08:06:05 PM,42.6861,-127.9076,,,,
Sun 08:06:44 PM,42.7485,-127.9958,,,,
Sun 08:07:26 PM,42.8151,-128.0903,,,,
Sun 08:08:06 PM,42.8775,-128.1795,,,,
Sun 08:08:52 PM,42.9486,-128.2814,,,,
Sun 08:11:12 PM,43.16,-128.5857,,,,
Sun 08:11:18 PM,43.1757,-128.6089,,,,
Sun 08:12:18 PM,43.2716,-128.7484,,,,
Sun 08:12:48 PM,43.3168,-128.8143,,,,
Sun 08:13:36 PM,43.3954,-128.9297,,,,
Sun 08:16:09 PM,43.5724,-129.3321,,,,
Sun 08:17:12 PM,43.6449,-129.4985,,,,
Sun 08:19:12 PM,43.7822,-129.8166,,,,
Sun 08:21:03 PM,43.9085,-130.1121,,,,
Sun 08:21:15 PM,44.1,-129.9833,,,,
Sun 08:21:53 PM,44.15,-130.0833,,,,
Sun 08:24:05 PM,44.332,-130.3987,,,,
Sun 08:25:40 PM,44.4833,-130.6667,,,,
Sun 08:30:36 PM,44.9333,-131.45,,,,
Sun 08:33:11 PM,45.1998,-131.9368,,,,
Sun 08:35:13 PM,45.3689,-132.2501,,,,
Sun 08:35:32 PM,45.3833,-132.2667,,,,
Sun 08:37:54 PM,45.6315,-132.7338,,,,
Sun 08:39:12 PM,45.7421,-132.9445,,,,
Sun 08:40:13 PM,45.8284,-133.1099,,,,
Sun 08:40:28 PM,45.8333,-133.1333,,,,
Sun 08:42:08 PM,46.0122,-133.479,,,,
Sun 08:44:11 PM,46.1831,-133.8133,,,,
Sun 08:44:14 PM,46.1667,-133.7833,,,,
Sun 08:45:25 PM,46.2667,-133.9833,,,,
Sun 08:48:04 PM,46.5258,-134.5005,,,,
Sun 08:50:03 PM,46.6921,-134.8376,,,,
Sun 08:50:21 PM,46.6833,-134.8167,,,,
Sun 08:52:08 PM,46.8615,-135.1824,,,,
Sun 08:53:13 PM,46.9515,-135.369,,,,
Sun 08:55:11 PM,47.1142,-135.7094,,,,
Sun 08:55:17 PM,47.1,-135.6667,,,,
Sun 08:57:02 PM,47.2672,-136.0215,,,,
Sun 08:58:11 PM,47.3612,-136.2232,,,,
Sun 09:00:12 PM,47.5253,-136.5786,,,,
Sun 09:00:21 PM,47.5167,-136.5667,,,,
Sun 09:03:07 PM,47.75,-137.0833,,,,
Sun 09:05:10 PM,47.9235,-137.47,,,,
Sun 09:07:09 PM,48.0812,-137.8261,,,,
Sun 09:08:12 PM,48.1643,-138.0156,,,,
Sun 09:09:13 PM,48.2444,-138.1996,,,,
Sun 09:11:13 PM,48.4011,-138.5633,,,,
Sun 09:13:12 PM,48.5554,-138.9261,,,,
Sun 09:15:13 PM,48.7111,-139.2974,,,,
Sun 09:17:13 PM,48.8644,-139.6678,,,,
Sun 09:19:08 PM,49.0067,-140.0266,,,,
Sun 09:19:14 PM,49,-140,,,,
Sun 09:21:06 PM,49.1029,-140.4108,,,,
Sun 09:22:06 PM,49.1514,-140.607,,,,
Sun 09:22:19 PM,49.15,-140.6333,,,,
Sun 09:24:13 PM,49.2538,-141.0582,,,,
Sun 09:26:10 PM,49.3439,-141.4335,,,,
Sun 09:28:12 PM,49.4364,-141.8262,,,,
Sun 09:30:12 PM,49.5262,-142.2139,,,,
Sun 09:31:13 PM,49.5713,-142.4116,,,,
Sun 09:31:55 PM,49.6167,-142.55,,,,
Sun 09:32:13 PM,49.6154,-142.6063,,,,
Sun 09:33:56 PM,49.7005,-142.9282,,,,
Sun 09:35:07 PM,49.7513,-143.1603,,,,
Sun 09:36:12 PM,49.7973,-143.3732,,,,
Sun 09:38:13 PM,49.882,-143.7706,,,,
Sun 09:40:13 PM,49.9646,-144.1661,,,,
Sun 09:41:32 PM,50.0167,-144.4667,,,,
Sun 09:43:13 PM,50.0885,-144.7994,,,,
Sun 09:50:13 PM,50.3615,-146.206,,,,
Sun 09:51:16 PM,50.3833,-146.35,,,,
Sun 09:53:09 PM,50.4629,-146.7808,,,,
Sun 09:55:01 PM,50.5308,-147.1561,,,,
Sun 09:56:11 PM,50.5726,-147.3911,,,,
Sun 09:58:11 PM,50.6431,-147.7951,,,,
Sun 10:00:09 PM,50.7111,-148.1934,,,,
Sun 10:00:44 PM,50.7333,-148.2667,,,,
Sun 10:03:06 PM,50.8058,-148.7197,,,,
Sun 10:04:12 PM,50.8431,-148.9576,,,,
Sun 10:06:08 PM,50.9074,-149.3766,,,,
Sun 10:07:13 PM,50.9428,-149.6119,,,,
Sun 10:08:14 PM,50.9756,-149.833,,,,
Sun 10:09:23 PM,51,-150,,,,
Sun 10:10:20 PM,51.05,-150.2,,,,
Sun 10:13:11 PM,51.2039,-150.8225,,,,
Sun 10:14:12 PM,51.2524,-151.0222,,,,
Sun 10:16:13 PM,51.3475,-151.4195,,,,
Sun 10:17:58 PM,51.4289,-151.7656,,,,
Sun 10:19:12 PM,51.4857,-152.0103,,,,
Sun 10:19:56 PM,51.5,-152.0667,,,,
Sun 10:22:13 PM,51.6018,-152.5142,,,,
Sun 10:24:12 PM,51.6915,-152.9163,,,,
Sun 10:26:10 PM,51.7791,-153.3167,,,,
Sun 10:28:12 PM,51.8682,-153.7322,,,,
Sun 10:29:32 PM,51.9167,-153.9333,,,,
Sun 10:32:02 PM,52.0401,-154.5328,,,,
Sun 10:34:10 PM,52.1251,-154.9564,,,,
Sun 10:36:07 PM,52.2015,-155.345,,,,
Sun 10:37:07 PM,52.2402,-155.5448,,,,
Sun 10:39:09 PM,52.2833,-155.8,,,,
Sun 10:39:11 PM,52.319,-155.9588,,,,
Sun 10:42:07 PM,52.4047,-156.4453,,,,
Sun 10:43:12 PM,52.4461,-156.6704,,,,
Sun 10:45:13 PM,52.5219,-157.0906,,,,
Sun 10:46:13 PM,52.559,-157.2995,,,,
Sun 10:48:04 PM,52.6266,-157.6869,,,,
Sun 10:49:02 PM,52.65,-157.8167,,,,
Sun 10:49:11 PM,52.6668,-157.9213,,,,
Sun 10:50:52 PM,52.7184,-158.2215,,,,
Sun 10:52:04 PM,52.7616,-158.4825,,,,
Sun 10:53:12 PM,52.8019,-158.7294,,,,
Sun 10:54:18 PM,52.8544,-159.0554,,,,
Sun 10:54:48 PM,52.8717,-159.165,,,,
Sun 10:55:18 PM,52.8891,-159.2749,,,,
Sun 10:55:48 PM,52.9061,-159.3838,,,,
Sun 10:56:18 PM,52.9235,-159.4956,,,,
Sun 10:56:48 PM,52.9402,-159.6044,,,,
Sun 10:57:18 PM,52.9573,-159.7153,,,,
Sun 10:57:49 PM,52.9741,-159.8261,,,,
Sun 10:58:19 PM,52.9909,-159.9373,,,,
Sun 10:58:49 PM,53.0074,-160.0471,,,,
Sun 10:59:19 PM,53.0237,-160.1603,,,,
Sun 10:59:49 PM,53.0394,-160.2715,,,,
Sun 11:00:19 PM,53.0554,-160.3844,,,,
Sun 11:00:49 PM,53.0709,-160.4944,,,,
Sun 11:01:19 PM,53.0868,-160.6078,,,,
Sun 11:01:49 PM,53.1023,-160.7196,,,,
Sun 11:02:19 PM,53.1178,-160.8324,,,,
Sun 11:02:49 PM,53.1332,-160.9448,,,,
Sun 11:03:19 PM,53.1486,-161.0586,,,,
Sun 11:03:49 PM,53.1639,-161.1721,,,,
Sun 11:04:19 PM,53.1791,-161.2858,,,,
Sun 11:04:49 PM,53.1941,-161.399,,,,
Sun 11:05:19 PM,53.2091,-161.5128,,,,
Sun 11:05:49 PM,53.2238,-161.6256,,,,
Sun 11:06:19 PM,53.2386,-161.7402,,,,
Sun 11:06:49 PM,53.2532,-161.8537,,,,
Sun 11:07:19 PM,53.2678,-161.9686,,,,
Sun 11:07:49 PM,53.2823,-162.0833,,,,
Sun 11:08:20 PM,53.2969,-162.2,,,,
Sun 11:08:58 PM,53.3147,-162.3438,,,,
Sun 11:09:28 PM,53.3289,-162.4586,,,,
Sun 11:09:58 PM,53.3429,-162.574,,,,
Sun 11:10:29 PM,53.3574,-162.6939,,,,
Sun 11:11:20 PM,53.3813,-162.8938,,,,
Sun 11:11:50 PM,53.395,-163.0099,,,,
Sun 11:12:20 PM,53.4085,-163.1252,,,,
Sun 11:12:50 PM,53.4218,-163.2406,,,,
Sun 11:13:20 PM,53.4353,-163.3582,,,,
Sun 11:13:59 PM,53.452,-163.5051,,,,
Sun 11:14:29 PM,53.4652,-163.6224,,,,
Sun 11:14:59 PM,53.4782,-163.7394,,,,
Sun 11:15:29 PM,53.491,-163.8549,,,,
Sun 11:15:59 PM,53.5037,-163.971,,,,
Sun 11:16:29 PM,53.5164,-164.089,,,,
Sun 11:16:59 PM,53.5289,-164.205,,,,
Sun 11:17:29 PM,53.5412,-164.321,,,,
Sun 11:17:59 PM,53.5535,-164.4386,,,,
Sun 11:18:30 PM,53.5659,-164.5567,,,,
Sun 11:19:00 PM,53.5779,-164.6734,,,,
Sun 11:19:48 PM,53.5971,-164.8622,,,,
Sun 11:20:18 PM,53.609,-164.9805,,,,
Sun 11:20:48 PM,53.6208,-165.0994,,,,
Sun 11:21:18 PM,53.6323,-165.2163,,,,
Sun 11:21:48 PM,53.644,-165.3374,,,,
Sun 11:22:18 PM,53.6554,-165.4557,,,,
Sun 11:22:48 PM,53.6668,-165.5753,,,,
Sun 11:23:19 PM,53.6781,-165.6955,,,,
Sun 11:23:49 PM,53.6894,-165.8175,,,,
Sun 11:24:19 PM,53.7004,-165.9372,,,,
Sun 11:24:49 PM,53.7113,-166.0571,,,,
Sun 11:25:19 PM,53.7221,-166.1769,,,,
Sun 11:25:49 PM,53.7326,-166.2945,,,,
Sun 11:26:19 PM,53.7429,-166.4127,,,,
Sun 11:26:52 PM,53.7541,-166.541,,,,
Sun 11:27:22 PM,53.7638,-166.6547,,,,
Sun 11:27:56 PM,53.7752,-166.79,,,,
Sun 11:28:34 PM,53.788,-166.9442,,,,
Sun 11:29:10 PM,53.7996,-167.0853,,,,
Sun 11:29:40 PM,53.8091,-167.2038,,,,
Sun 11:30:22 PM,53.8229,-167.3764,,,,
Sun 11:31:02 PM,53.8352,-167.5346,,,,
Sun 11:31:39 PM,53.8473,-167.6905,,,,
Sun 11:32:09 PM,53.8564,-167.8111,,,,
Sun 11:32:39 PM,53.8654,-167.933,,,,
Sun 11:33:09 PM,53.8745,-168.0556,,,,
Sun 11:33:39 PM,53.8833,-168.1775,,,,
Sun 11:34:10 PM,53.8917,-168.2955,,,,
Sun 11:34:40 PM,53.9003,-168.4179,,,,
Sun 11:35:10 PM,53.9088,-168.5401,,,,
Sun 11:35:43 PM,53.9177,-168.6692,,,,
Sun 11:36:33 PM,53.931,-168.8688,,,,
Sun 11:37:03 PM,53.9384,-168.9832,,,,
Sun 11:37:34 PM,53.9465,-169.1079,,,,
Sun 11:38:04 PM,53.954,-169.2253,,,,
Sun 11:38:36 PM,53.9618,-169.3517,,,,
Sun 11:39:12 PM,53.9707,-169.4957,,,,
Sun 11:39:42 PM,53.9775,-169.6102,,,,
Sun 11:40:12 PM,53.9848,-169.7312,,,,
Sun 11:40:42 PM,53.9916,-169.8494,,,,
Sun 11:41:12 PM,53.9984,-169.9682,,,,
Sun 11:41:42 PM,54.0053,-170.0863,,,,
Sun 11:42:30 PM,54.0189,-170.281,,,,
Sun 11:43:04 PM,54.0279,-170.4158,,,,
Sun 11:44:53 PM,54.0544,-170.8276,,,,
Sun 11:46:10 PM,54.0723,-171.1188,,,,
Sun 11:47:14 PM,54.0866,-171.361,,,,
Sun 11:48:01 PM,54.0833,-171.5833,,,,
Sun 11:49:03 PM,54.1,-171.8333,,,,
Sun 11:50:05 PM,54.1167,-172.0833,,,,
Sun 11:51:05 PM,54.1333,-172.3167,,,,
Sun 11:52:05 PM,54.1333,-172.5667,,,,
Sun 11:53:05 PM,54.15,-172.8167,,,,
Sun 11:54:06 PM,54.1667,-173.05,,,,
Sun 11:55:07 PM,54.1667,-173.3,,,,
Sun 11:56:07 PM,54.1833,-173.5333,,,,
Sun 11:57:07 PM,54.1833,-173.7833,,,,
Sun 11:59:12 PM,54.2,-174.25,,,,
Mon 12:02:18 AM,54.2333,-175.0333,,,,
Mon 12:03:20 AM,54.2333,-175.2833,,,,
Mon 12:04:20 AM,54.2333,-175.5167,,,,
Mon 12:05:21 AM,54.25,-175.7667,,,,
Mon 12:06:21 AM,54.25,-176.0167,,,,
Mon 12:07:19 AM,54.25,-176.25,,,,
Mon 12:14:09 AM,54.2833,-177.8667,,,,
Mon 12:16:09 AM,54.2837,-178.3821,,,,
Mon 12:18:11 AM,54.282,-178.8697,,,,
Mon 12:19:56 AM,54.279,-179.2892,,,,
Mon 12:21:05 AM,54.2762,-179.5648,,,,
Mon 12:23:06 AM,54.2698,179.9519,,,,
Mon 12:23:44 AM,54.2667,179.8333,,,,
Mon 12:26:04 AM,54.2574,179.3049,,,,
Mon 12:27:48 AM,54.2478,178.8619,,,,
Mon 12:30:09 AM,54.229,178.2655,,,,
Mon 12:31:58 AM,54.1758,177.8486,,,,
Mon 12:33:11 AM,54.1394,177.57,,,,
Mon 12:35:10 AM,54.0786,177.1168,,,,
Mon 12:37:08 AM,54.0166,176.6689,,,,
Mon 12:39:10 AM,53.9509,176.2071,,,,
Mon 12:40:11 AM,53.9173,175.9768,,,,
Mon 12:41:56 AM,53.8585,175.5812,,,,
Mon 12:43:07 AM,53.818,175.3143,,,,
Mon 12:44:08 AM,53.7828,175.0855,,,,
Mon 12:45:12 AM,53.7453,174.8458,,,,
Mon 12:46:13 AM,53.7092,174.6177,,,,
Mon 12:47:58 AM,53.6459,174.226,,,,
Mon 12:49:10 AM,53.6018,173.9582,,,,
Mon 12:51:06 AM,53.5283,173.5402,,,,
Mon 12:52:58 AM,53.4625,173.1349,,,,
Mon 12:54:12 AM,53.4219,172.8661,,,,
Mon 12:55:13 AM,53.388,172.6449,,,,
Mon 12:57:11 AM,53.3214,172.2181,,,,
Mon 12:58:12 AM,53.2863,171.998,,,,
Mon 01:00:02 AM,53.222,171.602,,,,
Mon 01:02:07 AM,53.1474,171.1534,,,,
Mon 01:04:09 AM,53.073,170.7171,,,,
Mon 01:06:04 AM,53.0014,170.3072,,,,
Mon 01:07:04 AM,52.9634,170.0939,,,,
Mon 01:08:12 AM,52.92,169.8526,,,,
Mon 01:10:11 AM,52.8428,169.4315,,,,
Mon 01:12:12 AM,52.7628,169.0049,,,,
Mon 01:14:07 AM,52.6853,168.601,,,,
Mon 01:15:08 AM,52.6437,168.3872,,,,
Mon 01:17:11 AM,52.5585,167.9576,,,,
Mon 01:18:11 AM,52.5164,167.7486,,,,
Mon 01:20:07 AM,52.434,167.3457,,,,
Mon 01:21:25 AM,52.3667,167,,,,
Mon 01:23:08 AM,52.2698,166.5535,,,,
Mon 01:24:09 AM,52.2231,166.3414,,,,
Mon 01:25:11 AM,52.1752,166.1263,,,,
Mon 01:27:12 AM,52.0806,165.7079,,,,
Mon 01:28:12 AM,52.0331,165.501,,,,
Mon 01:29:14 AM,51.9837,165.2878,,,,
Mon 01:31:04 AM,51.9333,165.0333,,,,
Mon 01:32:59 AM,51.8404,164.6536,,,,
Mon 01:34:04 AM,51.7892,164.4468,,,,
Mon 01:36:05 AM,51.6928,164.0631,,,,
Mon 01:37:53 AM,51.6,163.7,,,,
Mon 01:38:06 AM,51.5931,163.6826,,,,
Mon 01:39:56 AM,51.4656,163.3644,,,,
Mon 01:40:39 AM,51.4,163.2,,,,
Mon 01:43:11 AM,51.2458,162.8226,,,,
Mon 01:44:13 AM,51.1723,162.6449,,,,
Mon 01:45:13 AM,51.101,162.4735,,,,
Mon 01:46:57 AM,50.9768,162.1775,,,,
Mon 01:48:09 AM,50.8904,161.9736,,,,
Mon 01:49:14 AM,50.8121,161.7901,,,,
Mon 01:49:50 AM,50.7384,161.6138,,,,
Mon 01:50:20 AM,50.7021,161.5301,,,,
Mon 01:52:12 AM,50.5981,161.1716,,,,
Mon 01:54:12 AM,50.4856,160.7893,,,,
Mon 01:56:13 AM,50.3708,160.4056,,,,
Mon 01:57:06 AM,50.2072,160.4154,,,,
Mon 01:58:06 AM,50.1338,160.2545,,,,
Mon 01:58:36 AM,50.0972,160.1749,,,,
Mon 01:59:34 AM,50.0275,160.0237,,,,
Mon 02:01:13 AM,49.9004,159.7429,,,,
Mon 02:03:11 AM,49.7416,159.4175,,,,
Mon 02:04:12 AM,49.6609,159.2499,,,,
Mon 02:06:01 AM,49.5134,158.9516,,,,
Mon 02:07:08 AM,49.4223,158.7691,,,,
Mon 02:08:10 AM,49.3378,158.6008,,,,
Mon 02:10:07 AM,49.1777,158.2848,,,,
Mon 02:11:08 AM,49.0938,158.1209,,,,
Mon 02:13:00 AM,48.9393,157.8213,,,,
Mon 02:14:04 AM,48.8506,157.6509,,,,
Mon 02:15:07 AM,48.7631,157.4839,,,,
Mon 02:16:12 AM,48.6726,157.3121,,,,
Mon 02:18:01 AM,48.5202,157.0254,,,,
Mon 02:20:12 AM,48.3361,156.6831,,,,
Mon 02:22:12 AM,48.1666,156.3718,,,,
Mon 02:24:09 AM,48.0005,156.0702,,,,
Mon 02:25:12 AM,47.9107,155.9086,,,,
Mon 02:27:12 AM,47.7391,155.6024,,,,
Mon 02:29:02 AM,47.5811,155.3234,,,,
Mon 02:30:06 AM,47.4889,155.1619,,,,
Mon 02:31:06 AM,47.4022,155.011,,,,
Mon 02:32:10 AM,47.3095,154.8505,,,,
Mon 02:33:13 AM,47.2181,154.6932,,,,
Mon 02:35:05 AM,47.055,154.4147,,,,
Mon 02:36:59 AM,46.8883,154.133,,,,
Mon 02:38:10 AM,46.7841,153.9585,,,,
Mon 02:39:13 AM,46.6915,153.8042,,,,
Mon 02:41:04 AM,46.5277,153.5336,,,,
Mon 02:42:04 AM,46.4389,153.388,,,,
Mon 02:43:08 AM,46.3441,153.2333,,,,
Mon 02:44:11 AM,46.2504,153.0814,,,,
Mon 02:46:04 AM,46.0817,152.8108,,,,
Mon 02:47:12 AM,45.9798,152.6489,,,,
Mon 02:48:49 AM,45.834,152.4189,,,,
Mon 02:49:58 AM,45.73,152.2561,,,,
Mon 02:51:10 AM,45.6212,152.0868,,,,
Mon 02:52:12 AM,45.5273,151.9416,,,,
Mon 02:54:11 AM,45.3467,151.6641,,,,
Mon 02:56:12 AM,45.1623,151.3839,,,,
Mon 02:58:09 AM,44.9834,151.1146,,,,
Mon 02:59:12 AM,44.8868,150.9703,,,,
Mon 03:01:10 AM,44.7054,150.7013,,,,
Mon 03:02:11 AM,44.6113,150.5629,,,,
Mon 03:04:12 AM,44.4243,150.2897,,,,
Mon 03:06:10 AM,44.2413,150.025,,,,
Mon 03:07:56 AM,44.0764,149.7886,,,,
Mon 03:09:05 AM,43.9688,149.6354,,,,
Mon 03:11:00 AM,43.789,149.3813,,,,
Mon 03:12:04 AM,43.6887,149.2406,,,,
Mon 03:13:05 AM,43.5929,149.1069,,,,
Mon 03:14:05 AM,43.4986,148.9758,,,,
Mon 03:16:11 AM,43.2999,148.7018,,,,
Mon 03:18:04 AM,43.1213,148.4577,,,,
Mon 03:19:12 AM,43.0135,148.3114,,,,
Mon 03:21:12 AM,42.8229,148.0546,,,,
Mon 03:23:03 AM,42.646,147.8184,,,,
Mon 03:24:12 AM,42.5358,147.6723,,,,
Mon 03:25:13 AM,42.4383,147.5435,,,,
Mon 03:27:05 AM,43.1005,148.4217,,,,
Mon 03:27:39 AM,43.0568,148.3625,,,,
Mon 03:28:19 AM,43.0051,148.2928,,,,
Mon 03:28:54 AM,42.9595,148.2315,,,,
Mon 03:29:30 AM,42.913,148.1688,,,,
Mon 03:30:10 AM,42.861,148.0993,,,,
Mon 03:30:41 AM,42.8215,148.0465,,,,
Mon 03:31:21 AM,42.7697,147.9773,,,,
Mon 03:31:55 AM,42.7254,147.9183,,,,
Mon 03:32:29 AM,42.6807,147.859,,,,
Mon 03:33:00 AM,42.6401,147.805,,,,
Mon 03:33:30 AM,42.6003,147.7524,,,,
Mon 03:34:00 AM,42.5606,147.6999,,,,
Mon 03:34:30 AM,42.5215,147.6484,,,,
Mon 03:35:00 AM,42.4819,147.5963,,,,
Mon 03:35:31 AM,42.4437,147.5461,,,,
Mon 03:36:01 AM,42.4044,147.4944,,,,
Mon 03:37:01 AM,42.3277,147.3939,,,,
Mon 03:37:31 AM,42.2891,147.3435,,,,
Mon 03:38:01 AM,42.2504,147.2931,,,,
Mon 03:38:48 AM,42.1912,147.2158,,,,
Mon 03:39:31 AM,42.1345,147.1421,,,,
Mon 03:40:26 AM,42.0642,147.051,,,,
Mon 03:41:17 AM,41.9999,146.9682,,,,
Mon 03:42:06 AM,41.9376,146.8878,,,,
Mon 03:42:46 AM,41.8853,146.8206,,,,
Mon 03:43:46 AM,41.808,146.7213,,,,
Mon 03:44:27 AM,41.7553,146.6539,,,,
Mon 03:45:08 AM,41.7031,146.5873,,,,
Mon 03:45:50 AM,41.6496,146.519,,,,
Mon 03:46:20 AM,41.6103,146.4691,,,,
Mon 03:46:50 AM,41.5718,146.4202,,,,
Mon 03:47:20 AM,41.5331,146.3712,,,,
Mon 03:47:51 AM,41.4941,146.322,,,,
Mon 03:48:48 AM,41.422,146.2308,,,,
Mon 03:49:18 AM,41.3834,146.1822,,,,
Mon 03:49:48 AM,41.3456,146.1348,,,,
Mon 03:50:18 AM,41.3067,146.086,,,,
Mon 03:50:48 AM,41.2693,146.0391,,,,
Mon 03:51:18 AM,41.2301,145.9901,,,,
Mon 03:52:10 AM,41.1639,145.9076,,,,
Mon 03:52:46 AM,41.1178,145.8502,,,,
Mon 03:53:26 AM,41.0678,145.788,,,,
Mon 03:53:56 AM,41.0298,145.741,,,,
Mon 03:54:27 AM,40.9918,145.6939,,,,
Mon 03:55:10 AM,40.9356,145.6246,,,,
Mon 03:55:50 AM,40.8846,145.5618,,,,
Mon 03:56:27 AM,40.8396,145.5067,,,,
Mon 03:57:14 AM,40.7811,145.4346,,,,
Mon 03:57:57 AM,40.7275,145.3692,,,,
Mon 03:58:27 AM,40.69,145.3235,,,,
Mon 03:59:13 AM,40.6354,145.2569,,,,
Mon 03:59:57 AM,40.5824,145.1923,,,,
Mon 04:00:27 AM,40.5461,145.1481,,,,
Mon 04:00:58 AM,40.5093,145.1036,,,,
Mon 04:01:28 AM,40.4729,145.0596,,,,
Mon 04:01:58 AM,40.4371,145.0148,,,,
Mon 04:02:28 AM,40.4074,144.9669,,,,
Mon 04:03:05 AM,40.3756,144.8993,,,,
Mon 04:03:41 AM,40.3471,144.8383,,,,
Mon 04:04:14 AM,40.3186,144.7776,,,,
Mon 04:04:46 AM,40.2922,144.721,,,,
Mon 04:05:22 AM,40.2613,144.6551,,,,
Mon 04:05:53 AM,40.2366,144.6023,,,,
Mon 04:06:44 AM,40.1922,144.5077,,,,
Mon 04:07:21 AM,40.1615,144.4425,,,,
Mon 04:07:51 AM,40.1369,144.3904,,,,
Mon 04:08:45 AM,40.092,144.2954,,,,
Mon 04:09:38 AM,40.0484,144.2036,,,,
Mon 04:10:14 AM,40.0177,144.139,,,,
Mon 04:10:44 AM,39.9922,144.0856,,,,
Mon 04:11:15 AM,39.9668,144.0322,,,,
Mon 04:11:45 AM,39.941,143.9783,,,,
Mon 04:12:15 AM,39.9158,143.9258,,,,
Mon 04:12:49 AM,39.8895,143.871,,,,
Mon 04:13:21 AM,39.863,143.8159,,,,
Mon 04:13:51 AM,39.8374,143.7628,,,,
Mon 04:14:26 AM,39.8089,143.7036,,,,
Mon 04:14:57 AM,39.7846,143.6515,,,,
Mon 04:15:31 AM,39.7621,143.5881,,,,
Mon 04:16:01 AM,39.7423,143.5348,,,,
Mon 04:16:31 AM,39.7221,143.4813,,,,
Mon 04:17:01 AM,39.7021,143.4282,,,,
Mon 04:17:38 AM,39.6772,143.3624,,,,
Mon 04:18:08 AM,39.6579,143.3112,,,,
Mon 04:18:39 AM,39.6375,143.2569,,,,
Mon 04:19:09 AM,39.6172,143.2033,,,,
Mon 04:19:47 AM,39.5921,143.1373,,,,
Mon 04:20:23 AM,39.5672,143.0721,,,,
Mon 04:20:53 AM,39.5473,143.02,,,,
Mon 04:21:23 AM,39.5268,142.9664,,,,
Mon 04:21:53 AM,39.5072,142.9153,,,,
Mon 04:22:24 AM,39.4863,142.8608,,,,
Mon 04:22:54 AM,39.4656,142.8069,,,,
Mon 04:23:24 AM,39.4453,142.7544,,,,
Mon 04:24:01 AM,39.42,142.6889,,,,
Mon 04:24:31 AM,39.3996,142.6362,,,,
Mon 04:25:01 AM,39.3791,142.583,,,,
Mon 04:25:31 AM,39.3579,142.5287,,,,
Mon 04:26:01 AM,39.3373,142.4757,,,,
Mon 04:26:34 AM,39.3159,142.4204,,,,
Mon 04:27:04 AM,39.2948,142.3665,,,,
Mon 04:27:35 AM,39.2743,142.314,,,,
Mon 04:28:05 AM,39.2536,142.2609,,,,
Mon 04:28:35 AM,39.2327,142.2077,,,,
Mon 04:29:05 AM,39.2122,142.1555,,,,
Mon 04:29:35 AM,39.1921,142.1042,,,,
Mon 04:30:05 AM,39.1704,142.0491,,,,
Mon 04:30:36 AM,39.1503,141.9983,,,,
Mon 04:31:06 AM,39.1305,141.9481,,,,
Mon 04:31:36 AM,39.1101,141.8965,,,,
Mon 04:32:06 AM,39.0899,141.8456,,,,
Mon 04:32:36 AM,39.0687,141.7921,,,,
Mon 04:33:06 AM,39.0481,141.7405,,,,
Mon 04:33:36 AM,39.0279,141.6898,,,,
Mon 04:34:06 AM,39.0082,141.6403,,,,
Mon 04:34:36 AM,38.9877,141.5892,,,,
Mon 04:35:06 AM,38.9673,141.5379,,,,
Mon 04:35:36 AM,38.9467,141.4868,,,,
Mon 04:36:06 AM,38.9267,141.4368,,,,
Mon 04:36:36 AM,38.9064,141.3865,,,,
Mon 04:37:06 AM,38.8862,141.3363,,,,
Mon 04:37:36 AM,38.8663,141.287,,,,
Mon 04:38:06 AM,38.8467,141.2385,,,,
Mon 04:38:37 AM,38.8254,141.1857,,,,
Mon 04:39:08 AM,38.8046,141.1345,,,,
Mon 04:39:38 AM,38.784,141.0838,,,,
Mon 04:40:08 AM,38.7631,141.0325,,,,
Mon 04:40:38 AM,38.7425,140.982,,,,
Mon 04:41:08 AM,38.7226,140.9331,,,,
Mon 04:41:38 AM,38.7017,140.882,,,,
Mon 04:42:08 AM,38.6817,140.8331,,,,
Mon 04:42:39 AM,38.6605,140.7814,,,,
Mon 04:43:09 AM,38.64,140.7314,,,,
Mon 04:43:39 AM,38.6195,140.6817,,,,
Mon 04:44:09 AM,38.5987,140.631,,,,
Mon 04:44:39 AM,38.578,140.5811,,,,
Mon 04:45:09 AM,38.5576,140.5316,,,,
Mon 04:45:39 AM,38.5364,140.4803,,,,
Mon 04:46:09 AM,38.5158,140.4309,,,,
Mon 04:46:39 AM,38.4949,140.3806,,,,
Mon 04:47:10 AM,38.4735,140.329,,,,
Mon 04:47:40 AM,38.4526,140.2792,,,,
Mon 04:48:10 AM,38.4319,140.2296,,,,
Mon 04:48:40 AM,38.4114,140.1805,,,,
Mon 04:49:10 AM,38.3906,140.1306,,,,
Mon 04:49:40 AM,38.3699,140.0813,,,,
Mon 04:50:10 AM,38.3487,140.031,,,,
Mon 04:50:40 AM,38.3284,139.9825,,,,
Mon 04:51:10 AM,38.3076,139.9333,,,,
Mon 04:51:40 AM,38.287,139.8845,,,,
Mon 04:52:11 AM,38.2665,139.8358,,,,
Mon 04:52:41 AM,38.2458,139.7868,,,,
Mon 04:53:11 AM,38.2248,139.7372,,,,
Mon 04:53:41 AM,38.2043,139.6891,,,,
Mon 04:54:11 AM,38.1825,139.6377,,,,
Mon 04:54:41 AM,38.1611,139.5876,,,,
Mon 04:55:11 AM,38.141,139.5404,,,,
Mon 04:55:41 AM,38.1201,139.4915,,,,
Mon 04:56:11 AM,38.0991,139.4424,,,,
Mon 04:56:42 AM,38.0772,139.3912,,,,
Mon 04:57:12 AM,38.056,139.3418,,,,
Mon 04:57:42 AM,38.0347,139.2921,,,,
Mon 04:58:12 AM,38.0133,139.2424,,,,
Mon 04:58:42 AM,37.9919,139.1927,,,,
Mon 04:59:12 AM,37.971,139.1443,,,,
Mon 04:59:39 AM,37.9509,139.1008,,,,
Mon 05:00:17 AM,37.919,139.0443,,,,
Mon 05:00:47 AM,37.8937,138.9986,,,,
Mon 05:01:17 AM,37.8678,138.9516,,,,
Mon 05:01:47 AM,37.8423,138.9058,,,,
Mon 05:02:17 AM,37.8166,138.8598,,,,
Mon 05:02:47 AM,37.7917,138.815,,,,
Mon 05:03:17 AM,37.7668,138.7705,,,,
Mon 05:03:47 AM,37.7414,138.7251,,,,
Mon 05:04:17 AM,37.7158,138.6793,,,,
Mon 05:04:42 AM,37.6907,138.6373,,,,
Mon 05:05:13 AM,37.661,138.5939,,,,
Mon 05:05:43 AM,37.6311,138.55,,,,
Mon 05:06:13 AM,37.6009,138.5055,,,,
Mon 05:06:43 AM,37.5713,138.4619,,,,
Mon 05:07:13 AM,37.5413,138.4177,,,,
Mon 05:07:43 AM,37.5132,138.3765,,,,
Mon 05:08:13 AM,37.4839,138.3337,,,,
Mon 05:08:43 AM,37.4537,138.2893,,,,
Mon 05:09:13 AM,37.4255,138.2479,,,,
Mon 05:09:44 AM,37.3944,138.2023,,,,
Mon 05:10:14 AM,37.365,138.1597,,,,
Mon 05:10:44 AM,37.3352,138.1164,,,,
Mon 05:11:15 AM,37.3055,138.073,,,,
Mon 05:11:46 AM,37.2757,138.0297,,,,
Mon 05:12:17 AM,37.2463,137.987,,,,
Mon 05:12:47 AM,37.217,137.9446,,,,
Mon 05:13:17 AM,37.1874,137.9017,,,,
Mon 05:13:47 AM,37.1578,137.8588,,,,
Mon 05:14:18 AM,37.1269,137.8142,,,,
Mon 05:14:48 AM,37.0979,137.7725,,,,
Mon 05:15:19 AM,37.0665,137.7272,,,,
Mon 05:15:49 AM,37.0371,137.6851,,,,
Mon 05:16:20 AM,37.0076,137.6426,,,,
Mon 05:16:50 AM,36.9786,137.601,,,,
Mon 05:17:20 AM,36.9487,137.5581,,,,
Mon 05:17:50 AM,36.9191,137.5159,,,,
Mon 05:18:20 AM,36.8905,137.475,,,,
Mon 05:18:51 AM,36.8605,137.4323,,,,
Mon 05:19:21 AM,36.8301,137.3889,,,,
Mon 05:19:51 AM,36.8019,137.3488,,,,
Mon 05:20:21 AM,36.7739,137.309,,,,
Mon 05:20:51 AM,36.7435,137.2657,,,,
Mon 05:21:21 AM,36.7144,137.2244,,,,
Mon 05:21:51 AM,36.686,137.1842,,,,
Mon 05:22:21 AM,36.6564,137.1423,,,,
Mon 05:22:51 AM,36.6275,137.1014,,,,
Mon 05:23:22 AM,36.5983,137.0603,,,,
Mon 05:23:54 AM,36.5664,137.0153,,,,
Mon 05:24:25 AM,36.5363,136.9729,,,,
Mon 05:24:55 AM,36.5064,136.9309,,,,
Mon 05:25:25 AM,36.4759,136.8881,,,,
Mon 05:25:55 AM,36.4459,136.846,,,,
Mon 05:26:25 AM,36.4169,136.8054,,,,
Mon 05:26:55 AM,36.3869,136.7635,,,,
Mon 05:27:26 AM,36.3566,136.7212,,,,
Mon 05:27:56 AM,36.3272,136.6802,,,,
Mon 05:28:26 AM,36.2963,136.6372,,,,
Mon 05:28:56 AM,36.266,136.5951,,,,
Mon 05:29:27 AM,36.235,136.5521,,,,
Mon 05:29:57 AM,36.2044,136.5097,,,,
Mon 05:30:27 AM,36.1742,136.4679,,,,
Mon 05:30:58 AM,36.1423,136.4239,,,,
Mon 05:31:28 AM,36.1135,136.384,,,,
Mon 05:31:58 AM,36.082,136.3406,,,,
Mon 05:32:28 AM,36.0523,136.2997,,,,
Mon 05:32:59 AM,36.0207,136.2561,,,,
Mon 05:33:29 AM,35.9899,136.2139,,,,
Mon 05:33:59 AM,35.9593,136.1718,,,,
Mon 05:34:29 AM,35.9289,136.1302,,,,
Mon 05:34:59 AM,35.8973,136.0868,,,,
Mon 05:35:29 AM,35.8687,136.0479,,,,
Mon 05:35:59 AM,35.8381,136.0061,,,,
Mon 05:36:29 AM,35.8078,135.9648,,,,
Mon 05:36:59 AM,35.778,135.9242,,,,
Mon 05:37:29 AM,35.7492,135.885,,,,
Mon 05:38:00 AM,35.7177,135.8425,,,,
Mon 05:38:30 AM,35.6889,135.8033,,,,
Mon 05:39:00 AM,35.6601,135.7643,,,,
Mon 05:39:30 AM,35.6314,135.7255,,,,
Mon 05:40:00 AM,35.6022,135.686,,,,
Mon 05:40:30 AM,35.5722,135.6453,,,,
Mon 05:41:00 AM,35.5433,135.6064,,,,
Mon 05:41:30 AM,35.5139,135.5667,,,,
Mon 05:42:00 AM,35.4845,135.5272,,,,
Mon 05:42:31 AM,35.4542,135.4864,,,,
Mon 05:43:02 AM,35.4241,135.446,,,,
Mon 05:43:32 AM,35.3951,135.4071,,,,
Mon 05:44:02 AM,35.3652,135.3671,,,,
Mon 05:44:32 AM,35.3362,135.3282,,,,
Mon 05:45:02 AM,35.307,135.2893,,,,
Mon 05:45:32 AM,35.2767,135.2489,,,,
Mon 05:46:02 AM,35.2464,135.2085,,,,
Mon 05:46:32 AM,35.2163,135.1685,,,,
Mon 05:47:02 AM,35.1862,135.1284,,,,
Mon 05:47:32 AM,35.1557,135.0877,,,,
Mon 05:48:02 AM,35.1257,135.048,,,,
Mon 05:48:33 AM,35.0943,135.0064,,,,
Mon 05:49:03 AM,35.0639,134.9662,,,,
Mon 05:49:33 AM,35.0335,134.9262,,,,
Mon 05:50:14 AM,34.9891,134.8742,,,,
Mon 05:50:44 AM,34.9567,134.8366,,,,
Mon 05:51:14 AM,34.9239,134.7983,,,,
Mon 05:51:44 AM,34.8906,134.7596,,,,
Mon 05:52:14 AM,34.8576,134.7214,,,,
Mon 05:52:45 AM,34.8233,134.6816,,,,
Mon 05:53:15 AM,34.7893,134.6426,,,,
Mon 05:53:53 AM,34.744,134.5975,,,,
Mon 05:54:23 AM,34.7088,134.5622,,,,
Mon 05:54:50 AM,34.6788,134.5312,,,,
Mon 05:55:20 AM,34.6471,134.4918,,,,
Mon 05:55:51 AM,34.6155,134.452,,,,
Mon 05:56:21 AM,34.5832,134.4132,,,,
Mon 05:56:51 AM,34.5497,134.3732,,,,
Mon 05:57:21 AM,34.519,134.3367,,,,
Mon 05:57:53 AM,34.4851,134.2962,,,,
Mon 05:58:23 AM,34.451,134.2558,,,,
Mon 05:58:53 AM,34.4202,134.2192,,,,
Mon 05:59:23 AM,34.3873,134.1801,,,,
Mon 05:59:53 AM,34.3555,134.1423,,,,
Mon 06:00:23 AM,34.3221,134.1028,,,,
Mon 06:00:53 AM,34.2905,134.0654,,,,
Mon 06:01:23 AM,34.2581,134.0272,,,,
Mon 06:01:53 AM,34.2237,133.9866,,,,
Mon 06:02:23 AM,34.1921,133.9495,,,,
Mon 06:02:54 AM,34.1591,133.9106,,,,
Mon 06:03:24 AM,34.1267,133.8726,,,,
Mon 06:03:55 AM,34.0918,133.8315,,,,
Mon 06:04:25 AM,34.0595,133.7937,,,,
Mon 06:04:57 AM,34.0251,133.7533,,,,
Mon 06:05:28 AM,33.9912,133.7135,,,,
Mon 06:06:00 AM,33.9557,133.672,,,,
Mon 06:06:32 AM,33.9194,133.6296,,,,
Mon 06:07:03 AM,33.887,133.5917,,,,
Mon 06:07:33 AM,33.8545,133.5538,,,,
Mon 06:08:03 AM,33.821,133.5147,,,,
Mon 06:08:33 AM,33.7889,133.4773,,,,
Mon 06:09:03 AM,33.7574,133.4408,,,,
Mon 06:09:34 AM,33.7234,133.4014,,,,
Mon 06:10:04 AM,33.6917,133.3647,,,,
Mon 06:10:37 AM,33.6544,133.3214,,,,
Mon 06:11:07 AM,33.6223,133.2844,,,,
Mon 06:11:37 AM,33.5896,133.2466,,,,
Mon 06:12:07 AM,33.5579,133.2101,,,,
Mon 06:12:37 AM,33.5257,133.173,,,,
Mon 06:13:07 AM,33.4938,133.1363,,,,
Mon 06:13:37 AM,33.4624,133.1003,,,,
Mon 06:14:08 AM,33.4303,133.0634,,,,
Mon 06:14:39 AM,33.3971,133.0253,,,,
Mon 06:15:09 AM,33.3655,132.9889,,,,
Mon 06:15:41 AM,33.3333,132.9521,,,,
Mon 06:16:11 AM,33.3008,132.9148,,,,
Mon 06:16:41 AM,33.2695,132.879,,,,
Mon 06:17:11 AM,33.237,132.8419,,,,
Mon 06:17:41 AM,33.2062,132.8068,,,,
Mon 06:18:12 AM,33.1718,132.7676,,,,
Mon 06:18:42 AM,33.1403,132.7316,,,,
Mon 06:19:13 AM,33.1078,132.6946,,,,
Mon 06:19:43 AM,33.0756,132.6581,,,,
Mon 06:20:13 AM,33.0436,132.6217,,,,
Mon 06:20:31 AM,33.0242,132.5995,,,,
Mon 06:21:14 AM,32.9861,132.5397,,,,
Mon 06:21:44 AM,32.961,132.4993,,,,
Mon 06:22:15 AM,32.934,132.4563,,,,
Mon 06:22:46 AM,32.9068,132.4128,,,,
Mon 06:23:17 AM,32.8796,132.3694,,,,
Mon 06:23:49 AM,32.852,132.3251,,,,
Mon 06:24:22 AM,32.8217,132.2768,,,,
Mon 06:24:53 AM,32.7953,132.2346,,,,
Mon 06:25:23 AM,32.7691,132.1929,,,,
Mon 06:25:54 AM,32.7426,132.1509,,,,
Mon 06:26:24 AM,32.7157,132.1081,,,,
Mon 06:26:54 AM,32.6889,132.0657,,,,
Mon 06:27:25 AM,32.6611,132.0216,,,,
Mon 06:27:55 AM,32.6357,131.9815,,,,
Mon 06:28:25 AM,32.6084,131.9382,,,,
Mon 06:28:55 AM,32.5809,131.8949,,,,
Mon 06:29:25 AM,32.5546,131.8534,,,,
Mon 06:29:55 AM,32.5275,131.8107,,,,
Mon 06:30:25 AM,32.5005,131.7681,,,,
Mon 06:30:55 AM,32.4742,131.7269,,,,
Mon 06:31:26 AM,32.4459,131.6823,,,,
Mon 06:31:56 AM,32.4202,131.642,,,,
Mon 06:32:26 AM,32.3944,131.6016,,,,
Mon 06:32:57 AM,32.3653,131.5562,,,,
Mon 06:33:27 AM,32.3399,131.5164,,,,
Mon 06:33:57 AM,32.3133,131.475,,,,
Mon 06:34:27 AM,32.2864,131.433,,,,
Mon 06:34:57 AM,32.2602,131.3921,,,,
Mon 06:35:27 AM,32.2335,131.3505,,,,
Mon 06:35:57 AM,32.2074,131.31,,,,
Mon 06:36:27 AM,32.181,131.269,,,,
Mon 06:37:01 AM,32.1529,131.2255,,,,
Mon 06:37:31 AM,32.1257,131.1832,,,,
Mon 06:38:01 AM,32.0986,131.1414,,,,
Mon 06:38:31 AM,32.0723,131.1007,,,,
Mon 06:39:01 AM,32.0452,131.0589,,,,
Mon 06:39:31 AM,32.0182,131.0173,,,,
Mon 06:40:02 AM,31.991,130.9753,,,,
Mon 06:40:32 AM,31.9646,130.9347,,,,
Mon 06:41:02 AM,31.937,130.8923,,,,
Mon 06:41:32 AM,31.9098,130.8506,,,,
Mon 06:42:02 AM,31.8815,130.8072,,,,
Mon 06:42:33 AM,31.8543,130.7654,,,,
Mon 06:43:03 AM,31.8269,130.7236,,,,
Mon 06:43:35 AM,31.798,130.6795,,,,
Mon 06:44:06 AM,31.7698,130.6365,,,,
Mon 06:44:36 AM,31.7425,130.5949,,,,
Mon 06:45:06 AM,31.7158,130.554,,,,
Mon 06:45:36 AM,31.6881,130.5119,,,,
Mon 06:46:06 AM,31.6609,130.4705,,,,
Mon 06:46:36 AM,31.6331,130.4283,,,,
Mon 06:47:06 AM,31.6059,130.3871,,,,
Mon 06:47:36 AM,31.5787,130.3459,,,,
Mon 06:48:15 AM,31.5427,130.2914,,,,
Mon 06:48:48 AM,31.513,130.2466,,,,
Mon 06:49:18 AM,31.4854,130.2049,,,,
Mon 06:49:48 AM,31.4573,130.1625,,,,
Mon 06:50:19 AM,31.4291,130.1199,,,,
Mon 06:50:49 AM,31.4008,130.0774,,,,
Mon 06:51:19 AM,31.3725,130.0348,,,,
Mon 06:51:49 AM,31.3451,129.9937,,,,
Mon 06:52:19 AM,31.3168,129.9513,,,,
Mon 06:52:49 AM,31.289,129.9097,,,,
Mon 06:53:19 AM,31.2608,129.8676,,,,
Mon 06:53:49 AM,31.2333,129.8264,,,,
Mon 06:54:20 AM,31.2049,129.7842,,,,
Mon 06:54:50 AM,31.1771,129.7426,,,,
Mon 06:55:20 AM,31.1492,129.7011,,,,
Mon 06:55:50 AM,31.1214,129.6598,,,,
Mon 06:56:20 AM,31.093,129.6176,,,,
Mon 06:56:50 AM,31.0654,129.5767,,,,
Mon 06:57:20 AM,31.0364,129.5338,,,,
Mon 06:57:50 AM,31.0086,129.4926,,,,
Mon 06:58:20 AM,30.9808,129.4516,,,,
Mon 06:58:50 AM,30.9523,129.4095,,,,
Mon 06:59:25 AM,30.9192,129.3608,,,,
Mon 06:59:56 AM,30.8907,129.3188,,,,
Mon 07:00:26 AM,30.8611,129.2753,,,,
Mon 07:00:57 AM,30.8319,129.2325,,,,
Mon 07:01:27 AM,30.8043,129.1917,,,,
Mon 07:01:57 AM,30.775,129.1488,,,,
Mon 07:02:27 AM,30.7468,129.1075,,,,
Mon 07:03:00 AM,30.7153,129.0612,,,,
Mon 07:03:31 AM,30.6873,129.0203,,,,
Mon 07:04:01 AM,30.6585,128.9782,,,,
Mon 07:04:31 AM,30.6299,128.9365,,,,
Mon 07:05:01 AM,30.6011,128.8945,,,,
Mon 07:05:31 AM,30.5723,128.8526,,,,
Mon 07:06:02 AM,30.5435,128.8106,,,,
Mon 07:07:01 AM,30.4864,128.7277,,,,
Mon 07:07:32 AM,30.4579,128.6865,,,,
Mon 07:08:02 AM,30.4291,128.6448,,,,
Mon 07:08:32 AM,30.4015,128.6049,,,,
Mon 07:09:02 AM,30.372,128.5621,,,,
Mon 07:09:32 AM,30.3439,128.5216,,,,
Mon 07:10:02 AM,30.315,128.4799,,,,
Mon 07:10:42 AM,30.2774,128.4258,,,,
Mon 07:11:25 AM,30.2353,128.3652,,,,
Mon 07:11:55 AM,30.2066,128.3239,,,,
Mon 07:12:55 AM,30.1483,128.2403,,,,
Mon 07:13:26 AM,30.1191,128.1985,,,,
Mon 07:13:56 AM,30.09,128.1568,,,,
Mon 07:14:56 AM,30.0322,128.0743,,,,
Mon 07:15:26 AM,30.0035,128.0334,,,,
Mon 07:15:56 AM,29.9745,127.9921,,,,
Mon 07:16:27 AM,29.9451,127.9503,,,,
Mon 07:16:57 AM,29.9163,127.9094,,,,
Mon 07:17:29 AM,29.8861,127.8664,,,,
Mon 07:18:22 AM,29.8348,127.795,,,,
Mon 07:18:52 AM,29.8052,127.7558,,,,
Mon 07:19:22 AM,29.7742,127.7146,,,,
Mon 07:19:53 AM,29.7444,127.6748,,,,
Mon 07:20:23 AM,29.7139,127.6339,,,,
Mon 07:20:53 AM,29.6838,127.5936,,,,
Mon 07:21:23 AM,29.6542,127.554,,,,
Mon 07:22:21 AM,29.5959,127.4762,,,,
Mon 07:22:52 AM,29.565,127.4342,,,,
Mon 07:23:23 AM,29.5358,127.391,,,,
Mon 07:23:54 AM,29.5073,127.3489,,,,
Mon 07:24:24 AM,29.4787,127.3074,,,,
Mon 07:25:22 AM,29.4228,127.2268,,,,
Mon 07:25:54 AM,29.3925,127.1831,,,,
Mon 07:26:24 AM,29.3631,127.1407,,,,
Mon 07:26:55 AM,29.334,127.0989,,,,
Mon 07:27:25 AM,29.3041,127.0559,,,,
Mon 07:27:55 AM,29.2743,127.0131,,,,
Mon 07:28:25 AM,29.2452,126.9715,,,,
Mon 07:28:55 AM,29.2157,126.9291,,,,
Mon 07:29:25 AM,29.1863,126.8871,,,,
Mon 07:29:55 AM,29.156,126.8438,,,,
Mon 07:30:26 AM,29.1261,126.8012,,,,
Mon 07:30:56 AM,29.0965,126.7589,,,,
Mon 07:31:45 AM,29.0481,126.6901,,,,
Mon 07:32:26 AM,29.0068,126.6315,,,,
Mon 07:32:56 AM,28.9768,126.5889,,,,
Mon 07:33:26 AM,28.9467,126.5468,,,,
Mon 07:33:57 AM,28.9155,126.5053,,,,
Mon 07:34:27 AM,28.8854,126.4652,,,,
Mon 07:34:57 AM,28.8538,126.4228,,,,
Mon 07:35:55 AM,28.7948,126.3435,,,,
Mon 07:36:26 AM,28.762,126.2995,,,,
Mon 07:36:56 AM,28.7316,126.2587,,,,
Mon 07:37:26 AM,28.6998,126.2162,,,,
Mon 07:37:57 AM,28.6686,126.1744,,,,
Mon 07:38:28 AM,28.637,126.1321,,,,
Mon 07:39:26 AM,28.5782,126.0498,,,,
Mon 07:39:56 AM,28.5478,126.0064,,,,
Mon 07:40:27 AM,28.5166,125.9625,,,,
Mon 07:40:57 AM,28.4861,125.9197,,,,
Mon 07:41:27 AM,28.4559,125.8773,,,,
Mon 07:42:16 AM,28.407,125.8088,,,,
Mon 07:42:46 AM,28.3762,125.7656,,,,
Mon 07:43:28 AM,28.3349,125.7078,,,,
Mon 07:43:58 AM,28.3038,125.6644,,,,
Mon 07:44:28 AM,28.2733,125.6218,,,,
Mon 07:44:58 AM,28.2421,125.5783,,,,
Mon 07:45:28 AM,28.2114,125.5355,,,,
Mon 07:45:58 AM,28.1804,125.4924,,,,
Mon 07:46:28 AM,28.1494,125.4493,,,,
Mon 07:46:58 AM,28.1189,125.4068,,,,
Mon 07:47:28 AM,28.0885,125.3647,,,,
Mon 07:47:59 AM,28.0571,125.3212,,,,
Mon 07:48:29 AM,28.0263,125.2784,,,,
Mon 07:48:59 AM,27.9955,125.2358,,,,
Mon 07:49:29 AM,27.9648,125.1934,,,,
Mon 07:49:59 AM,27.9336,125.1503,,,,
Mon 07:50:29 AM,27.903,125.1081,,,,
Mon 07:50:59 AM,27.8723,125.0657,,,,
Mon 07:51:29 AM,27.8405,125.0219,,,,
Mon 07:52:03 AM,27.8052,124.9734,,,,
Mon 07:52:34 AM,27.7733,124.9295,,,,
Mon 07:53:04 AM,27.7425,124.8871,,,,
Mon 07:53:34 AM,27.7115,124.8446,,,,
Mon 07:54:04 AM,27.68,124.8014,,,,
Mon 07:54:42 AM,27.6405,124.7474,,,,
Mon 07:55:12 AM,27.6104,124.7061,,,,
Mon 07:56:00 AM,27.56,124.6371,,,,
Mon 07:56:30 AM,27.5292,124.5949,,,,
Mon 07:57:01 AM,27.4976,124.5519,,,,
Mon 07:57:31 AM,27.4666,124.5095,,,,
Mon 07:58:01 AM,27.436,124.4678,,,,
Mon 07:58:31 AM,27.4044,124.4247,,,,
Mon 07:59:01 AM,27.3731,124.3821,,,,
Mon 07:59:31 AM,27.3414,124.3391,,,,
Mon 08:00:01 AM,27.3102,124.2966,,,,
Mon 08:00:31 AM,27.2796,124.255,,,,
Mon 08:01:01 AM,27.247,124.2109,,,,
Mon 08:01:32 AM,27.2157,124.1686,,,,
Mon 08:02:02 AM,27.1842,124.1259,,,,
Mon 08:02:45 AM,27.1386,124.0643,,,,
Mon 08:03:15 AM,27.1069,124.0215,,,,
Mon 08:03:45 AM,27.0756,123.9793,,,,
Mon 08:04:25 AM,27.0326,123.9222,,,,
Mon 08:04:55 AM,27.0004,123.8794,,,,
Mon 08:05:25 AM,26.9683,123.8368,,,,
Mon 08:05:56 AM,26.9363,123.7943,,,,
Mon 08:06:26 AM,26.9029,123.7499,,,,
Mon 08:06:56 AM,26.8701,123.7064,,,,
Mon 08:07:26 AM,26.837,123.6625,,,,
Mon 08:07:56 AM,26.8038,123.6187,,,,
Mon 08:08:26 AM,26.7705,123.5746,,,,
Mon 08:08:56 AM,26.7376,123.5312,,,,
Mon 08:09:29 AM,26.7014,123.4835,,,,
Mon 08:09:59 AM,26.668,123.4395,,,,
Mon 08:10:29 AM,26.6347,123.3957,,,,
Mon 08:11:02 AM,26.597,123.3461,,,,
Mon 08:11:32 AM,26.5629,123.3012,,,,
Mon 08:12:07 AM,26.5228,123.2487,,,,
Mon 08:12:37 AM,26.4889,123.2044,,,,
Mon 08:13:09 AM,26.4516,123.1557,,,,
Mon 08:13:42 AM,26.4157,123.1089,,,,
Mon 08:14:16 AM,26.3778,123.0594,,,,
Mon 08:14:51 AM,26.3382,123.0075,,,,
Mon 08:15:21 AM,26.3043,122.9634,,,,
Mon 08:15:53 AM,26.2683,122.9167,,,,
Mon 08:16:24 AM,26.2336,122.8717,,,,
Mon 08:16:57 AM,26.1966,122.8237,,,,
Mon 08:17:28 AM,26.161,122.7775,,,,
Mon 08:17:58 AM,26.127,122.7335,,,,
Mon 08:18:30 AM,26.0912,122.6874,,,,
Mon 08:19:05 AM,26.0563,122.6426,,,,
Mon 08:19:35 AM,26.0264,122.6039,,,,
Mon 08:20:05 AM,25.9991,122.5687,,,,
Mon 08:20:36 AM,25.9726,122.5348,,,,
Mon 08:21:06 AM,25.947,122.5016,,,,
Mon 08:21:36 AM,25.9211,122.4683,,,,
Mon 08:22:06 AM,25.8958,122.4357,,,,
Mon 08:22:36 AM,25.8701,122.4028,,,,
Mon 08:23:07 AM,25.8441,122.3693,,,,
Mon 08:23:39 AM,25.8169,122.3346,,,,
Mon 08:24:09 AM,25.7913,122.3018,,,,
Mon 08:24:39 AM,25.7666,122.2702,,,,
Mon 08:25:10 AM,25.7415,122.2381,,,,
Mon 08:25:40 AM,25.7177,122.2078,,,,
Mon 08:26:10 AM,25.6935,122.1768,,,,
Mon 08:26:40 AM,25.6695,122.1461,,,,
Mon 08:27:10 AM,25.6446,122.1144,,,,
Mon 08:27:40 AM,25.6213,122.0844,,,,
Mon 08:27:59 AM,25.6106,122.0597,,,,
Mon 08:28:29 AM,25.6012,122.0196,,,,
Mon 08:28:59 AM,25.591,121.9791,,,,
Mon 08:29:29 AM,25.5809,121.9398,,,,
Mon 08:29:59 AM,25.5706,121.8997,,,,
Mon 08:30:29 AM,25.5603,121.8594,,,,
Mon 08:30:59 AM,25.5501,121.8202,,,,
Mon 08:31:29 AM,25.5398,121.7802,,,,
Mon 08:31:59 AM,25.5295,121.7399,,,,
Mon 08:32:30 AM,25.5188,121.6984,,,,
Mon 08:33:00 AM,25.5085,121.6585,,,,
Mon 08:33:30 AM,25.4981,121.6184,,,,
Mon 08:33:58 AM,25.4889,121.5827,,,,
Mon 08:34:14 AM,25.4787,121.5633,,,,
Mon 08:34:49 AM,25.4511,121.529,,,,
Mon 08:35:19 AM,25.427,121.4984,,,,
Mon 08:35:50 AM,25.4017,121.4658,,,,
Mon 08:36:20 AM,25.3779,121.4354,,,,
Mon 08:36:50 AM,25.3543,121.4052,,,,
Mon 08:37:20 AM,25.3309,121.3753,,,,
Mon 08:37:50 AM,25.3069,121.3448,,,,
Mon 08:38:07 AM,25.2927,121.3267,,,,
Mon 08:38:37 AM,25.2699,121.2977,,,,
Mon 08:39:07 AM,25.2465,121.2678,,,,
Mon 08:39:23 AM,25.2337,121.2515,,,,
Mon 08:39:53 AM,25.2118,121.2228,,,,
Mon 08:40:23 AM,25.1897,121.1939,,,,
Mon 08:40:53 AM,25.1693,121.1669,,,,
Mon 08:41:23 AM,25.1484,121.1388,,,,
Mon 08:41:54 AM,25.1287,121.1115,,,,
Mon 08:42:24 AM,25.1111,121.0879,,,,
Mon 08:42:54 AM,25.0926,121.0644,,,,
Mon 08:43:24 AM,25.0735,121.0401,,,,
Mon 08:43:44 AM,25.0603,121.0228,,,,
Mon 08:44:14 AM,25.0411,120.9973,,,,
Mon 08:44:44 AM,25.0228,120.9729,,,,
Mon 08:45:00 AM,25.0115,120.9664,,,,
Mon 08:45:18 AM,24.9969,120.9703,,,,
Mon 08:45:47 AM,24.9786,120.9867,,,,
Mon 08:46:17 AM,24.96,121.0036,,,,
Mon 08:46:33 AM,24.9522,121.0134,,,,
Mon 08:46:56 AM,24.951,121.0342,,,,
Mon 08:47:19 AM,24.9529,121.0541,,,,
Mon 08:47:40 AM,24.9594,121.0715,,,,
Mon 08:48:04 AM,24.9705,121.0858,,,,
Mon 08:48:34 AM,24.9844,121.1036,,,,
Mon 08:49:04 AM,24.9983,121.1214,,,,
Mon 08:49:34 AM,25.0101,121.1363,,,,
Mon 08:50:04 AM,25.0215,121.1507,,,,
Mon 08:50:34 AM,25.0334,121.1658,,,,
Mon 08:50:40 AM,25.0355,121.1685,,,,
Mon 08:50:50 AM,25.039,121.173,,,,
Mon 08:51:06 AM,25.045,121.1805,,,,
Mon 08:51:22 AM,25.0508,121.188,,,,
Mon 08:51:38 AM,25.0572,121.196,,,,
Mon 08:51:54 AM,25.0629,121.2033,,,,
Mon 08:52:10 AM,25.0688,121.2108,,,,
Mon 08:52:29 AM,25.076,121.2199,,,,